actor,area,director,infos,movietype,name,year
卡塔琳娜・舒特勒,,Elisa,聪明机智的朱莉已经二十几岁了。她随着自己的鼓声前进，并有自己的宣言：什么也不做。什么都没有，她真的什么都没有：没有工作，没有。。。,剧情,保持静止,2019
伊莎贝尔・梅,美国,凯尔・兰金,《Night Of The Living Deb》和《The Witch Files》背后的电影人凯尔・兰金（Kyle Rankin）完成了一项秘密项目“Run Hide Fight”，该项目讲述的是一个17岁的女孩，她必须用自己的智慧才能在学校拍摄中生存。现在，它将成为Rebeller公司发行的第一部电影，Cinestate发行了该电影来讨论所谓的“非法内容”空间中的电影，重点关注好莱坞忽视的类型以及好莱坞害怕的剧本。,恐怖,杀戮校园大逃奔,2020
克劳斯・马利亚・布朗道尔,,伊斯特凡・萨博,影片根据真实事件改编，也受到约翰・奥斯邦小说的影响，描写在一战前夕，一名奥地利军人不择手段向上爬、最后自我毁灭的历程。雷德尔上校家境贫寒，又是犹太人和同性恋，他需要把这些全部伪装起来，才能在奥匈帝国的军队里步步高升。但他再怎么压抑真实的自我，有人还是把他当成贸然闯进他人世界的局外人。,剧情,雷德尔上校,1985
孔璨,韩国,??????,由B1A4成员孔灿植主演，《风愿》团队制作的电影《Mr.Boss》，在最近公开预告海报并确定将于12月上映。《Mr.Boss》是一部故事围绕拥有一切的青春们展开的喜剧动作片。,喜剧,老板先生,2020
Fabien,法国,Olivier,两个高中男生因一场游戏而发现自己的性取向，并接受自己性取向的故事,爱情,基PD,2019
孙昊,大陆,刘迪洋,周鳌通过换脸变为爷爷年轻的样子，给奶奶过了难忘的生日，修复了父子感情；强势总监 Gina换脸变身摇滚表姨，挽回了与的女儿濒临决裂的关系；江子微和周鳌完成了OMG对初心、真心、孝心等七种情感搜集，最终也走在了一起。,喜剧,换脸圆梦时分,2021
韩智敏,韩国,金宗宽,该片翻拍自2004年上映，由犬童一心导演执导的同名日本电影，讲述少男恒夫和残疾女孩Jose彼此相依，成为了恋人的故事，将于12月上映。,爱情,Jose与虎与鱼们韩国版,2020
大泽隆夫,日本,行定勋,,剧情,在世界中心呼唤爱,2004
古龙（金童??),,唐伟成,,动作,天才功夫,1979
Jacob,美国,Brant,一个兄弟会的房子抛出了他们的大“冬季卢奥”党，但当兄弟会的兄弟和女同学开始死亡可怕的死亡，他们发现一个邪恶的实体已经接管了房子。,恐怖,血溅派对,2018
Candace,美国,大卫・戈登・格林,美国南部一个落后的小镇，一群走向青春期的孩子，一个发生了一个意外的夏天。导演大卫・戈登整篇都采用了缓慢优美的表现手法。,剧情,乔治华盛顿,2000
绪形拳,日本,降旗康男,这是90年代日本投资最高、场面最大的经典时代剧之一，由老牌导演隆旗康男(《铁道员》《车站》)执导，绪形拳、千叶真一、松方弘树、长门裕之、丹波哲郎主演。尽管影片属于时代剧类型，但是和传统的时代剧不太一样。影片的情节更加紧凑了，连场的血腥杀戮和追杀打斗叫人紧张的喘不过气来，影片没有丝毫冷场的地方。　　影片讲述了德川幕府时期，将军家光认为自己的长子竹千代与自己长的不像，便起了废长立幼的念头，并派高手伊庭庄左卫门去北部东照宫藩刺杀竹千代。藩主崛田手下的侍卫石河刑部率领一众高手一路保护竹千代前往江户，与家光对决……,动作,幕府风云,1989
史蒂夫・马丁,美国,弗兰克・奥兹,弗莱迪（史蒂夫・马丁 Steve Martin 饰）和劳伦斯（迈克尔・凯恩 Michael Caine 饰）是两个在“江湖”上漂泊了多年的花花公子，他们的目标是寂寞多金的单身女子，靠欺骗她们的感情从中获利。从某种意义上来说，弗莱迪和劳伦斯也算是老同行了，因此，他们之间的明争暗斗也从未停息。　　一个名叫珍妮特（格伦妮・海德利 Glenne Headly 饰）的姑娘出现在了两个爱情骗子的面前，她的漂亮和性感很快吸引了两人的注意。以珍妮特为目标，弗莱迪和劳伦斯打了一个赌，谁先获取了珍妮特的芳心，谁就是当之无愧的女性杀手，两人随即展开了行动。然而，令两人万万没有想到的是，在这场游戏中，事态的发展逐渐脱离了他们的掌控。,喜剧,骗徒臭事多,1988
标马,大陆,姜永波,1950年抗美援朝战争打响。在淮水河畔的沈家大院里，以卖水谋生的梁大爷和邻居们正在为儿子梁刚去前线抗美援朝送行。　　梁刚走后，大杂院的人在平静的生活里也慢慢冰释前嫌了众多的矛盾。一天，梁刚牺牲的消息搅动了大院的平静，为了不让梁家夫妇太过受打击，大家努力地隐瞒着....... ..,剧情,淮水情,2021
布朗什・加丁,,伯努瓦・德雷平,影片讲述三位社交媒体的受害者向科技巨头宣战。,喜剧,删除历史,2020
本・卫肖,,汤姆・提克威,,剧情,香水2006,2006
唐纳德・萨瑟兰,美国,威尔森・康尼贝尔,一名男子不M一对┆z案件的l生，私自架判案的法官，⑵淝艚於地下室，K影_直播，公_|疑其判Q有`，要求社大ζ溥M行公K投票，然而最K的Y果，因此撼映绦蛘x幔,剧情,美国刽子手,2018
邱品程,大陆,史强,刘维、安琪和几位好友驾驶私人游艇出海游玩。不料，游艇触礁在大海中央翻船，众人落海。由于人类对海洋环境的污染和破坏，造成了海洋生物的生存的海域变得越来越小，使得这片祥和的海域也出现了鲨鱼。最为可怕的是，由于海洋环境的污染，导致了鲨鱼的基因突变，鲨鱼不仅变得狂躁易怒，还变得巨大。 安 琪、刘维和几位好友面临随时遭遇鲨鱼袭击的死亡危险，安琪、刘维、安杰和欧阳小敏四人并不愿听天由命，强烈的求生欲望让他们选择冒险游向附近的小岛。而胆小的李志辉和受伤的苏菲选择留在漂浮的船底板上等待未知的救援，但最终并没能等来救援，没能逃脱死亡的命运，漂流在茫茫大海，疲惫、饥饿、寒冷，带给他们的是更大的危机和挑战,动作,夺命巨鲨,2021
艾曼纽・德芙,法国,罗兰娜・利维,当约瑟夫准备加入以色列军队服兵役时，发现自己不是父母的亲身儿子，在他出生时，他与约旦河西岸的一个巴勒斯坦家庭的小孩亚辛换错了。因这一发现，两个家庭的生活突然发生了翻天覆地的变化，这一发现迫使他们重新思考各自的身份、价值和信念。　　本片围绕着巴以冲突这个历史悠久而且无法得到有效解决的问题展开，本该互相敌视的两个家庭阴差阳错的抱错了孩子并且把他们分别抚养成人――优秀的人。于是，在本片中，我们看到了民族的敌意，宗教的排斥，但是更多的是互相理解和接受的过程。“我不再是犹太人了，但是我也不是阿拉伯人。”在这样的命题下，我们发现解决这种棘手问题似乎只有一个出发点――在成为“什么人”之前首先成为一个“人”。,剧情,他人之子,2012
让・马雷,,安德烈・于纳贝尔,从小，方托马斯（让??马莱 Jean Marais 饰）就爱搞恶作剧。不过，死对头瑞夫警长（路易??德??菲耐斯 Louis de Funès 饰）一直希望抓他归案。为了给后者一个下马威，方托马斯绑架了科学家马尔尚。记者方尔多和未婚妻艾莱娜报道了此事。罗马科学大会即将召开，为了防止方托马斯前来捣乱，瑞夫警长率领手下开始了声势浩大的搜捕行动。在列车上，方托马斯依靠出众的易容术，不但躲过了这些追查自己的耳目，而且还戏弄了瑞夫警长。科学大会如期召开，记者方多尔认为方托马斯这次前来是为勒菲夫教授而来，因为后者跟马尔尚可以共同完成秘密武器的研制，于是方多尔也扮作勒菲夫，引诱方托马斯上钩，但没成想，他们都中了方托马斯的计中计……　　本片根据法国作家皮埃尔??苏维德和马塞尔??阿兰的小说改编，为方托马斯“三部曲”中的第二部。本片是喜剧大师路易??德??菲耐斯继《虎口脱险》的又一力作。,喜剧,方托马斯的反击,1965
路易・德・菲奈斯,,安德烈・于纳贝尔,大盗方托马斯（让・马莱 Jean Marais 饰）易容潜入了拉谢里爵士（让-罗歇・科斯西蒙 Jean-Roger Caussimon 饰）家，向在那里聚会的一干富翁发出了杀人预告，方托马斯声称如果不能在预定的日期之前向他缴纳巨额的“生存税”，他就会一个接一个的将富翁们杀死。无奈之下，拉谢里爵士只得报了警。　　记者方多（让・马莱 Jean Marais 饰）和警长瑞福（路易・德・菲耐斯 Louis de Funès 饰）是方托马斯的老对手了，他们一直想将后者捉拿归案，却屡屡遭其戏弄。警长一行人来到了拉谢里爵士家，可屡屡出现的只有警长能够看见的凶案现场让大家开始渐渐怀疑起警长的精神是否正常，而这一切都是方托马斯一手策划的阴谋。,喜剧,方托马斯大战苏格兰场,1967
路易・德・菲奈斯,,安德烈・于纳贝尔,在这部电影大受欢迎之后范多马的小说，都是法国的主流电影制片厂-帕塞和高蒙特-争夺电影制作权在这个系列里。高蒙特赢了1913年4月至1914年5月路易斯・费伊拉德执导了五部影迷电影大卫汤姆森曾形容为“第一个伟大的电影体验。”,喜剧,方托马斯,1964
王K,台湾,蔡幸谚,一位早年丧偶、晚年失智的老妇人，在雨中偶遇三只迷路的妖怪，在助妖回家的奇幻之旅中，逐渐揭开了妖怪们的身世之谜。,剧情,雨天的妖怪,2021
诺埃米・洛夫斯基,法国,弗雷德里克・丰泰纳,《u笑女郎》v述三女人的故事，雅采海康素和多明妮除了是同事K且每天一同^境到上班之外，她之gK]有什N共通之。榱嗽隰@能^上w面的生活，她^境到另一的比利ru淫，@p重生活就是她的秘密。夏季Y束r，@三名女子榱嘶ハ嘀С侄相s面，正如抵抗互相打庖印,剧情,卖笑女郎,2020
里比・希利斯,美国,Mike,一部温馨的家庭电影，讲述了一对订婚的夫妇收养了两只小狗。当这对夫妇分手时，小狗们想出了一个计划，要把他们俩重新结--合在一起,喜剧,偷天换狗,2020
丹尼・伯恩,法国,丹尼・伯恩,罗曼（丹尼・伯恩 Dany Boon 饰）是一位医疗咨询师，年过四十的他没有家庭亦没有爱人，甚至连和女性接触的经验也寥寥无几，只因为他患有洁癖和恐女症。迪米特（凯德・麦拉德 Kad Merad 饰）是罗曼唯一的朋友，同时亦是一名心理医生，他将好友的“病情”看在眼里，急在心上。　　为了能让罗曼过上正常的生活，迪米特替罗曼设计了一整套的“治疗方案”，然而，这一连串的改造计划非但没能让罗曼“重回正轨”，反而引起了一大堆的笑话和麻烦。某日，一位名叫安娜（爱丽丝・波尔 Alice Pol 饰）的美丽姑娘出现在了罗曼的身边，这或许是罗曼摆脱单身的唯一一次机会了，那么，我们的罗曼能否将它紧紧抓牢呢？,喜剧,臆想成病,2014
Michael,美国,Cedric,Sean作为中央情报局的成员，他奉命调查一件案子。随着案件的发展，他也开始慢慢陷入危机，在纽约这座大都市里，一群忍者的暗杀计划也逐渐浮出水面……Sean可以查出真相吗？,动作,美国忍者4歼灭,1990
里比・希利斯,美国,Mike,一部温馨的家庭电影，讲述了一对订婚的夫妇收养了两只小狗。当这对夫妇分手时，小狗们想出了一个计划，要把他们俩重新结--合在一起。,喜剧,狗狗互换放手去爱,2019
梅尔・布鲁克斯,美国,梅尔・布鲁克斯,一名有恐高症的精神病专家到疯人院出任新院长一职，但院中的旧人却意图谋害他……,喜剧,恐高症,1977
皮奥・马麦,法国,布鲁诺・梅勒,女孩汤米整日用耳麦听着复古歌曲，沉浸在自己的世界里。她和不靠谱的父母又一次踏上了漂泊的公路旅程，刚出狱的爸爸向她保证一定不会缺席开学日。然而，一连串见怪不怪的事件让承诺再次存疑――爸爸贼瘾复发去偷车，妈妈莫名其妙地消失，而汤米眼前竟然出现了一名宇航员。11岁的主人公正处在不失天真而又渐渐拥有成人思维和洞察力的阶段，通过她的视角，非常规的家庭苦乐得以展现；如同影片引用的同名歌曲《快乐》（FELICITA）一样，脚步轻快地探寻着别样的成长之路。,喜剧,夏末快乐之旅,2020
莉迪亚・威尔逊,英国,理查德・柯森・史密斯,1901年:贫穷但聪明的艾米丽・福克斯・西顿接受了老勋爵詹姆斯・沃尔德赫斯特的求婚。詹姆斯・沃尔德赫斯特是一个鳏夫，艾米莉的雇主、傲慢的姨妈玛丽亚迫使他提供继承人。这是他们两人的一种安排――在詹姆斯的情况下，是为了防止房子传给詹姆斯的堂兄亚历克・奥斯本和他的英裔印第安妻子赫斯特。然而，他很快就爱上了雅克布。抄送过去，但詹姆斯和他的军团被派到印度去了，奥斯伯恩斯夫妇来和艾米丽住在一起，告诉她是詹姆斯派他们来照顾她的。但他们都撒谎了。疾病引起的亚历克令人担忧的情绪波动威胁到艾米丽的怀孕，并赶走了所有员工。很快，艾米丽意识到这对夫妇不怀好意。,剧情,侯门之险,2012
Alex,美国,Alex,亚当是唯一生活在人类生存终点的人，是最后一个活着的人。他的日常生活使他保持清醒――起床、刷牙、寻找生活用品……,科幻,地球孤男,2021
小田飞鸟,日本,高原秀和,老Yb家の藤堂は、亡き母の骨证虮Гà普嫦膜文沟丐iく弓の姿に心をZわれる。父を知らない弓は藤堂を父のように慕い、男としても郅工毪瑜Δ摔胜盲皮い。そんなある日、藤堂にTわれてePをLれた弓は、自分とそっくりなお下げの少女??和美の似}をつける。そして工我工摔浃盲评搐空肖れざる客により、藤堂と弓のvSは思いがけない方向へと狂いはじめる。,伦理,焦燥2019,2019
安东尼・麦凯,美国,米凯尔・哈弗斯特罗姆,故事发生在未来，一名无人机飞行员哈普（戴姆森・伊德瑞斯饰）被派往危险的军事区域，他在那里发现自己服务的是一名研究机器人的长官里欧（安东尼・麦凯饰），这名长官的任务是在叛乱分子之前研发出打败对方的装置。,科幻,末日激战,2021
Maisa,其它,Cris,在妈妈出国期间，一名18 岁的女孩从她一直生活的嬉皮士社区偷溜到了现实世界，寻找自己的生父。,喜剧,老爸成双,2021
藤龙也,,大岛渚,,日本,感官世界,
汤姆・艾弗瑞特・斯科特,美国,John,尼克・皮尔逊是一名单身汉，他终于安顿下来了，在他婚礼之际，他惊讶地发现他有一个13岁的儿子，他在灵媒的帮助下来找他。问题是尼克不能忍受孩子，他很乐意把男孩送回去和他的生母住在一起，只是没人知道她是谁...,喜剧,小孩都是魔鬼吧,2019
罗宾・邓恩,加拿大,Adnan,"While caring for his ailing wife, an American engineer in Pakistan stumbles upon a deadly ysgou.cc pharmaceutical conspiracy.",恐怖,改变皮肤,2019
卡西亚・克莫泽克,其它,Miguel,圣诞假期，米可莱穿着人偶装在月台上分发传单，突然对一名美女观光客一见钟情，情不自禁跟着她上了火车之后，却遇到一丝不苟的列车长诺瓦正在验票，没钱补票的 米可莱于是上演你追我跑的戏码，过程之中不慎打昏了火车长，当他穿上诺瓦的外套，却被乘客误以为是火车长，强拉去处理各式各样的 紧急事故：走失小孩的家长，坐错位置的乘客，挡住走道的路霸，想坐霸王车的恶霸，还要安慰因为失恋而哭得死去活来的火车女服务生。　　搭火车旅行真的好吃惊，最后的高潮来到火车突然紧急刹车，意外停退，冒牌列车长要如何安抚一整列车的乘客们呢？更重要的是米可莱会在火车上找到他的 真爱吗？,爱情,爱情列车长,2020
萨曼莎・柯尔伯恩,美国,Colin,Olivia struggles to sort out truth from fiction after her daughter mysteriously vanishes during a camping trip with the new neighbors.,恐怖,瞒天布局/Gaslit,2019
刘畅,大陆,刘轩狄,热血正义的考古青年吴天于沙漠中发现楼兰文物青铜琉璃镜，偶然与铜镜中楼兰圣女雅曼平行时空相遇，为守护楼兰文明国家宝藏，防止其落入外国盗墓者之手，两人共赴楼兰秘境天使之墓，并肩揭开千年神秘的“幽灵军队”传说秘密，一场斗志斗勇的楼兰冒险之旅拉开帷幕。,动作,楼兰传说幽灵军队,2021
卡卓儿,印度,雷努卡・沙哈内,卡卓儿([我的名字叫可汗])将出演Netflix印度新片[三屈式](Tribhanga，暂译)。这部以家庭为中心的电影讲述了孟买一个家庭从上世纪80年代末到现代的三代人之间的故事。片名“三屈式”是奥迪斯舞蹈的常见站立体姿，“S”形姿态脱节、不对称，但优美性感。这与该中三个主要女性角色的生活相似。本片由雷努卡・沙哈内([情到浓时])执导，现已开拍。,剧情,三屈式,2021
冯远征,大陆,王军,《应承》讲述的是小人物践行一诺千金的感人故事。何二寡妇的养女豆儿考上了大学，她终于要和老情人许二瓜要走到一起了，车祸却击溃了他们期盼了多年的幸福，临死前，何二寡妇将豆儿托付给许二瓜，要许二瓜每月给豆儿汇五百元生活费。哪知许二瓜第一次给豆儿汇生活费，何二寡妇留给他的钱就被小偷偷得一千二净。　　为了能给豆儿顺利凑齐生活费，许二瓜靠捡破烂为生，并和邻居刘顺成为了朋友，豆儿也渐渐接纳了许二瓜，并喜欢上了帅气的刘顺，然而一次意外却让许二瓜知晓了刘顺的真实身份....,剧情,应承,2020
彼得古城,,张彻,,1974,七金尸,
刘胤廷,大陆,孙传林,,动作,淬火,2020
金度允,韩国,奉俊泳,"讲述的是过着债台高筑人生的都孟秀（金度允 饰）通过幸运怪兽（朴成俊 饰）的信号中得彩票一等奖后，找到伪装离婚后消失的妻子""成丽娅""（张珍熙 饰）而发生的暴发户暴走故事。",剧情,幸运怪兽,2019
肖恩・康纳利,英国,彼得・海姆斯,一个外太空执法官被派去偏远的采矿星球执行任务，他发现矿工们逐个死去，并调查出死因是因为服用了来提升采矿能力的麻醉药。正直的执法官决定声张正义，他找到了一些同盟展开行动，这时星球共同体派出的刺客也出发了……,动作,九霄云外,1981
哀川翔,日本,三池崇史,西历2346年，日本横滨。在此之前，地球经历灭亡的危机，神秘男子吴（Richard Chen）出任横滨市长，并在此建立一个与世隔绝的独裁王国。他以改善人类品格和发扬真爱为名，强迫市民喝下绝种药物，导致人口数量急剧减少。以风（尹子维 饰）和珠（何超仪 饰）为首的一众年轻革命者组成反叛游击队，与吴政府展开对抗。吴的心腹――警察头子本田（竹内力 饰）终日带着部队围剿这群反叛者。某天，人形机器人阿良（哀川翔 饰）偶遇珠的弟弟，通过一番搏斗，他救下了这个险些被警察杀害的小男孩。在男孩的引荐下，阿良结实了这群极具反叛精神而内部却又矛盾重重的革命者。革命者和政府的冲突不断升级，阿良和本田也迎来了宿命的对决……　　本片为三池崇史“DOA（生死格斗）三部曲”完结篇。,动作,生存还是毁灭之特警新人王,2002
杨v宁,,陈玉勋,二十多年前，台湾办桌界有三大传奇总铺师称霸北、中、南，分别为憨人师、鬼头师与苍蝇师，乡民们尊称为“人、鬼、神”三霸。随着时代变动，办桌文化终于逐渐式微，人鬼神凋零。苍蝇师想将家传手艺交给独生女詹小婉，谁知小婉只想当明星，美美的出现在萤光幕前。但一心想逃离油烟血水的小婉，却被迫面对巨大的挑战和使命。,喜剧,总铺师,2013
科林・法瑞尔,,尼尔・乔丹,,剧情,水中仙,2009
周渝民,,安竹间,30好几的杜拉拉（林依晨 饰）二次归来，一心想与王伟（周渝民 饰）结婚的她遇到劲敌美少女沙当当（林珍娜 饰），而另一名追求者陈丰（陈柏霖 饰），和新上司曲络绎（邬君梅 饰）的出现，让杜拉拉对人生的选择陷入迷惘。面对接踵而来的问题，杜拉拉是否能再次“升职”成功呢？,喜剧,杜拉拉追婚记,2015
陈观泰,,徐虾,阿松自幼随父学武，天资颖异，惜不肯下苦功练，徒具架式中看不中用，喜卖弄小聪明，仗其父为两广民团总教练，终日四处招摇，常率家丁惹事生非，终得罪龙英被教训一j离家出走，遇百忍和尚在市面招摇，自翊少林高僧，实乃江湖骗子，钱央求和尚传授少林真传又被和尚所骗，在父亲面前逞强，岂料又出失败，后在和尚的劝导下，苦练家传拳法，吐气扬眉，光宗耀祖。,喜剧,望子成虫,1984
艾拉・巴伦坦,加拿大,John,安妮正在成长为一名年轻女子，她开始尝试新的事物，为她的未来做决定,剧情,清秀佳人火与露,2017
克里斯・洛克,美国,博・伯翰,Chris Rock为这部喜剧特辑在布鲁克林登台，他对父亲角色、对伴侣不忠以及美国政治等话题发表了他犀利的观察与见解。,喜剧,克里斯洛克铃鼓,2018
柯林・纳麦克,美国,Jack,硝烟弥漫，火光冲天，到处都是盘旋在天空上几英里的飞船。这些飞船收割着地球上所有的资源，而无人机则在已被毁坏的城市中巡逻,动作,无人机大战,2019
杨晃,其它,日中,阿能昏迷中d醒，lF自己失去了所有的K且碛辛丝吹靡鬼的能力。「鬼」阿在重新找回那吧活的路上，又是@又是挫折。c此同r，又遇上了和自己一邮去的女鬼阿芙，她的mp不清阿的生活再次陷入一Fy。@同邮去的一人一鬼，碰在一起l生怎拥氖虑槟兀,喜剧,49日第2部,2017
西蒙・飞利普斯,加拿大,Adrian,一个虐待狂的屠夫家族已经进入了这个偏远的国家，从冬天的严寒到夏天的狗日，任何一个越过自己的路的人都是死肉,恐怖,屠夫,2020
??????,韩国,??????,罗英和民赫成为恋人，恋爱后以结婚为前提同居，第一次乔迁，两人邀请朋友陈宇，被邀请的陈宇一直对民赫说一些不好的故事，性格温顺的民赫觉得只是开玩笑而已。另一方面，对陈宇的样子感到生气的罗英，趁着睡着的民赫，和陈宇聊了起来，但陈宇和罗英之间却有过隐藏的过去，事实上，两人曾是性伴侣..,伦理,女朋友的味道3,2020
Declan,美国,Andrew,2420年，在外星人和强大的太空巫师奴役了人类村庄之后，一群反叛者驾驶着宇宙飞船，组织反击他们的外星人领主,科幻,太空大战无敌舰队出击,2021
路易・德・菲奈斯,法国,让・吉罗,维克多误听了邻居银行家的建议，在股票投资上输掉了全部家产，他决定拿回失掉的钱，一个地道直通到银行保险箱……,喜剧,直捣黄龙府,1964
摩根・弗里曼,美国,彼得・休伊特,罗杰（克里斯托弗・沃肯 Christopher Walken 饰），查尔斯（摩根・弗里曼 Morgan Freeman 饰）和乔治（威廉姆・H・梅西 William H. Macy 饰）是三个共事多年的同事兼好友，三人均供职于一家历史悠久的博物馆。在漫长的岁月里，三个伙伴对馆里朝夕相伴的藏品产生了深厚的感情，没想到，新上任的老板居然想要将现有的藏品全部转移。于是，三个老伙计一拍即合，决定要将被送走的文物偷回来。　　经过一番缜密的策划，三人开始了他们的行动。可现实并没有他们所计划的那么顺利，各种各样的意外让三人手忙脚乱，好在大多数都是有惊无险。他们的计划是否会被发现呢？行动又是否最终能以成功告终？,喜剧,少女大盗,2009
路易・德・菲奈斯,,Jean,博斯基埃先生的儿子菲利浦高考落榜了，博斯基埃先生于是决定送他去英国学习（注：因为菲利浦高考落榜的部分原因是英语没有过）。作为交换，他要接待苏格兰威士忌酿酒商马克・法雷尔的女儿雪莉。然而，菲利浦更喜欢留在法国度假，并让他的朋友密歇内代替他去英国。,喜剧,悠长的假期,1967
暂无,美国,Bryan,跟随着亨利・斯坦森医生（Malcolm McDowell 饰）的脚步，观众走进了百态丛生的疯人院。　　第一个故事中，古斯塔夫（John Glover 饰）是一个沉迷于艺术创作世界中的艺术家，他时常和自己创作的人偶说话，并认为经纪人山姆背叛了他，一切陷入疯狂之中。第二个故事，平凡少年史蒂芬（David Mazouz 饰）和粗暴蛮横的老爸住在一起。近一段时间，他时不时会看到一个神秘男人出现在他的四周，而别人却根本没有察觉。直到某天，相貌可怖的男人向他出手。第三个故事，詹姆斯博士（Lou Diamond Phillips 饰）相信，玛雅人推算的每5125年人类大灭亡即将到来。他振臂高呼，却无人理解，他变成了一个孤立无援的先知……,恐怖,惊魂疯人院,2013
石春元,大陆,黔爻,一位热爱表演，但演技拙劣，不甘现状的农村中年男人为了实现自己的明星梦，一路历经坎坷到城市寻梦，在经历一系列的困难打击之后辗转回到自己的村庄开始自主创业。最后在政府的帮扶下创业成功，最后自己出资拍了这部电影。,剧情,尹弟下山,2021
路易・德・菲奈斯,法国,塞吉・科波尔,艾万斯先生是个尖酸刻薄、争强好胜的舞蹈团负责人，就连在路上开车时遇到红灯他都要争头位停车。为了舞蹈团即将要举行的全球巡演，他亲自上阵排练舞蹈并指导乐队演奏。一遍一遍辛苦的排练过后，一名舞蹈演员承受不了这么高强度训练而决定放弃，但最主要的原因还是她准备要结婚了。艾万斯的这个舞团就像一个修道院，除他和侄子飞利浦和乐队成员外，剩下都是女性。在舞团不允许谈恋爱、结婚，甚至不能靠近男人，艾万斯开办了空手道课程，教这些女孩子如何回击与她们攀谈的男人。除此之外，为了保证每个舞蹈演员都有完美的体型，在每次开饭之前，都要她们过秤称体重，体重不达标不能吃饭还要做剧烈运动。在一次夜晚的常规寻房中，领队佛朗索瓦丝偷偷潜逃，她来到了一个游船派对与一名男子偷情，两人相约两天后要见面的事被跟踪而至的艾万斯先生听到。于是回到住处，艾万斯就开始酝酿计划，编造谎言让菲利普误以为佛朗索瓦丝喜欢他，从而布局成功阻止了佛朗索瓦丝和那个男人的约会。全球巡演正式开始，舞团在艾万斯的带领下先后完成了巴黎、莫斯科、纽约、柏林等地的演出，终于来到了罗马。亨德莉卡是为顶替那名为结婚而请辞的舞蹈演员被雇佣的，以前在罗马工作过时与当地一个男人发生了感情并生下一个孩子。借演出的机会亨德莉卡偷偷脱离了队伍去看望她被别人收养的孩子。亨德莉卡坚持要自己带几天孩子，于是在和佛朗索瓦丝商量过后，他们决定把孩子放到艾万斯的房间。艾万斯误以为这真的是菲利普的孩子，在大声斥责了菲利普并得知孩子生母的下落后便坚持一定要前去寻找。被孩子生母的家人奚落一番后，艾万斯又得到了一个孩子，原来这才是真正的菲利普的孩子。艾万斯虽然对两个孩子照顾有佳，但还是不堪其扰，决定送走这两个小家伙。他们的诡异行踪却被酒店大堂经理发现并通知了警察。警察以拐卖儿童罪将他们逮捕，两个孩子的亲生母亲循声赶到警局与自己的孩子相聚，同时，艾万斯也接受了孩子和他们的母亲。,喜剧,一个人的乐队,1970
朗贝尔・维尔森,法国,加布里埃尔・勒博明,1940年6月，巴黎，戴高乐夫妇面临法国的军事和政治上的崩溃，戴高乐选择奔赴伦敦继续抗战，而他的妻子伊冯则与三个孩子一起踏上远赴埃及之路。,剧情,戴高乐,2020
伊丽莎白・瑞丝,美国,Phedon,在马里兰州一个笃信基督的小镇，人们悠哉游哉，过着自在平静的生活。然而一场意外搅扰了他们的安宁，名叫夏恩（Shiloh Fernandez 饰）的男孩举枪自杀，从此厄运接连降临小镇。夏恩死后不久，他的女友娜塔莉（Rumer Willis 饰）以及她的父亲伯纳德（Jared Harris 饰）相继自杀。目睹娜塔莉自杀的少女林赛（Elizabeth Rice 饰）的男友迪兰（Kelly Blatz 饰）是牧师的儿子，他相信这一连串的自杀事件决非偶然，而是和镇上半年前一宗女巫公案有关，这个女巫正是夏恩的母亲。似乎，组织死亡病毒继续蔓延的办法就是杀掉女巫另一个儿子艾丹（Thomas Dekker 饰）……,恐怖,由内而外,2008
路易・德・菲奈斯,法国,热拉尔・乌里,菲奈斯本人最喜欢的电影《雅各布教士历险记》则是他名至实归的代表作，使菲奈斯的演艺生涯达到了个高潮，上座率高达到7百万。据说乌里在拍摄时经常因为笑得太厉害，致使摄影机剧烈抖动不得不重拍。影片讲述菲奈斯的女儿即将嫁给将军的儿子，他无意间卷入了一场“政治阴谋”，同时一个著名的犹太教士来法国参加宗教活动，结果从机场开始，警察、恐怖份子、年轻的总统、知名教士和菲奈斯女儿的婚礼就搅在了一起，该剧剧情紧凑，线索复杂，笑料百出，人物众多且性格鲜明，不仅有许多的菲奈斯的拿手好戏，还紧扣当时法国社会重要的宗教分歧和种族主义，给以往菲奈斯夸张喜剧注入了浪漫的温馨。至今剧中在口香糖加工厂那段戏仍然是许多喜剧效仿的经典桥段。,喜剧,雅各布教士历险记,1973
Jason,美国,Spenser,现在是1996年，四年级学生塞西尔-史蒂文斯，每次说自己的名字时，都会想起他可怕的口齿不清。为了避免社会的嘲弄，塞西尔决定把自己难念的名字改成独一无二的迈克尔-乔丹,喜剧,奇异小子2020,2020
Matthew,美国,Alexandre,在发现一个和自己长得一模一样的流浪汉后，一个前军人被卷入危险的洛杉矶黑社会,恐怖,燃烧的影子,2020
琳登・史密斯,美国,迈克尔・费法,一对年轻夫妇Mira (Abbie Cobb饰)和Todd (Sean Faris饰)雇了一位住家护士(Lyndon Smith饰)来照顾他们生病的儿子，却发现她是一个“死亡天使”，打算通过任何必要的手段来取代Mira,恐怖,为祸之心/邪恶意图/不速之客,2019
埃利斯・卡拉汗,美国,Josh,克莱拉原本是职场女强人有了孩子与先生后，放弃高薪工作在家当主妇，理查的公司刚好在谈一笔可翻转人生的大案子的时候，他的弟弟大卫突然出现，从一开始理查就对弟弟大卫百般言语羞辱，但是大卫爱孩子的好形象让克莱拉对他产生了好感，风流的理查克制不了私j外遇，此时，克莱拉的婚姻世界被彻底颠覆了。,剧情,偶然外遇,2018
Katy,英国,Darren,老校友们在远离文明的采石场进行了一场彩蛋游戏，当他们发现有一个冷血的蒙面杀手也参与其中时，事情变得非常糟糕，他们必须为生存而战斗...,恐怖,彩蛋大屠杀,2020
Paula,美国,布赖德・埃利奥特,"Set over the course of a single evening in the Reynolds family home in suburban Connecticut, Clara's Ghost tells the story of Clara Reynolds who, fed up with constant ribbing from her self-absorbed showbiz family, finds solace in and guidance from the supernatural force she believes is haunting her.",恐怖,克拉拉幽魂,2018
杰克逊・拉斯波恩,美国,Richard,现在是1868年，战争已经结束三年了。一个废弃的老矿井现在正被一个腐败的市长和一群嗜血的不法分子改造成军事据点，他们是一个更大的网络地狱的一部分，一心想再次掀起内战。当一名美国执法官，詹姆斯・麦考德来到镇上，却发现他的兄弟被谋杀了，他对凶手的搜寻使他为一个更伟大的事业进行了生死攸关的斗争,剧情,正义法警,2017
潘粤明,大陆,,一罐可乐、一碗粥的背后，是一个少年与父亲的温情和解。为了千家万户能吃到热乎乎的饭菜，做外卖员的父亲牺牲了自己好好吃饭的时间，甚至缺席了自家的年夜饭，儿子却用自己的方式，让爸爸感受到家的温暖，这也是属于每一个平凡英雄的「把乐带回家」。,剧情,我爸的快乐,2020
于震,大陆,杨玉川,影片主要讲述了缉毒大队副队长唐朗（于震 饰）和女子特警队长岳小凤（辛月 饰）两位共同奋斗在生死第一线的公安民警，被卷入一场绑架案后，与毒贩、匪徒生死搏斗，最终成功捍卫正义破获真相的故事。,动作,生死下一秒,2021
刘士友,大陆,陈方千,"农村姑娘李彩凤自恃貌美，在物色对象时大要彩礼，成了一名高价姑娘。彩凤初与同村青年墩子相爱，收了他的彩礼。不久，彩凤嫌他是个庄稼汉，相貌平庸，举止粗鲁而抛弃了他。忠厚老实的墩子因此闷闷不乐，终日借酒浇愁。在彩凤的姐姐彩娟的规劝之下，墩子终于醒悟过来，振奋精神，重新投入生产。最后，墩子和彩娟因志同道合而结婚，过着幸福美满的生活。李彩凤又与在县农业机械厂当合同工的程林相恋，到互论嫁娶的时候，程林因工作的合同期已满，要回乡务农。彩凤又嫌弃了他。程林在八婶的女儿立云的热情帮助和支持下，奋发读书，考入了农学院，并与立云建立了真挚的爱情。但八婶从天律带回了青年工人韩双喜的照片，一心要为女儿立云撮合，立云予以拒绝。彩凤认为韩双喜的条件不错，怦然心动，八婶乘机""移花接木""。可是，彩凤父女又大要彩礼，韩双喜的母亲由于急着儿子能够早日结婚，对女方的勒索一味迁就，姑息忍让。逼得韩双喜不得不拆了家里厢房的旧木料出卖，双喜把木料弄到集市上，碰上了一个急于买木料老人。他们俩人正忙于讨价还价的时候，老人的毛驴受惊跑开，老人急于追驴，竟然忘记了放在手边的钱包。双喜见到这许多钱，正好够买一台彩色电视机，他写了一张""明年原地归还""的纸条后，装起钱拔腿就走。不是冤家不对头，这个老人就是李彩凤的父亲李七爷。到了双喜和彩凤办理登记结婚手续的那天，翁婿相遇，两人惊愕不止，顿时闹起了一场风波。李七爷指责双喜偷拿钱财，韩双喜有苦难言。他想到自己的错全是由于对方索要高介彩礼引起的，于是毅然退掉了这门亲事。李彩凤这个高价姑娘成了个没人敢娶的""嫁不出去的姑娘""。",剧情,嫁不出去的姑娘,1983
大仓忠义,日本,行定勋,大伴恭一（大仓忠义 饰），从学生时代起就只与“喜爱自己的女性”交往，不断重复着被动的恋爱，也因为优柔寡断的性格而不断地出轨。大学后辈今之濑涉（成田凌 饰）作为出轨调查员在接受主人公妻子的委托后，某日与前辈大伴恭一时隔7年再次相遇，突然向其告白「从很早以前就一直喜欢你了」，并用为其隐瞒出轨事实作为代价要求前辈以身体来交换。在被今之濑死缠烂打地靠近和追求下，最终恭一也体会到了如胸口揪心般的恋爱之痛…,伦理,穷途鼠的奶酪梦,2020
五十岚隼士,日本,小中和哉,"奥特兄弟：奥特曼、赛文、杰克、艾斯，为了阻止亚波人怨气的集合体最终超兽萨乌鲁斯攻击地球、也为了避免在宇宙空间展开激烈的战争，奥特兄弟与强大的合体兽进行了一番苦战。但隐约感觉到神户将会沉没的奥特兄弟，使用了""最终十字屏障""，封印了这股邪恶力量。可是，使用""最终十字屏障""需要使用大量的光能，这就意味着奥特曼失去了变身的能力。　　于是，时光流逝到了现在。在地球上，诞生了一位继承了奥特兄弟意志的新英雄，他的名字就是梦比优斯奥特曼。",动作,梦比优斯奥特曼和奥特兄弟,2006
克里斯・加卢斯特,美国,泰特・施泰因西克,根据惠普・洛夫克拉夫特的小说《局外人》改编的电影，在一场悲惨的车祸中永久失明后，丽贝卡收到了一些奇怪的消息：她失散已久的母亲最近去世了，给她留下了他们家在阿尔巴尼亚乡村的祖传城堡，丽贝卡和一群朋友一起去了城堡，她希望这将是一个机会让她重新回忆起她从来不知道的家族过去，以及这个曾经抛弃她的母亲，然而当城堡一系列神秘的事件开始发生后，她的朋友们开始逐个遇害，丽贝卡必须在她也成为堡内怪胎的猎物之前揭开她家族历史的秘密。,伦理,堡内怪胎,2020
孔柯文,大陆,孔柯文,柯文又随父母搬到了一个新的城市。他已经忘记了这是第几次搬家了，父母为了给柯文制造更好的生活和学习条件，每天忙于工作，在国内外奔波。 在一个陌生的城市，除了保姆没有家人的陪伴，内心倍感孤独。柯文每天上学放学都要经过一个十字路口，那是一个市井街市，环境脏乱差，还有各种各样形形色色的人 ，每次经过柯文都是带着耳机，仿佛整个世界都与他无关。一次在街上被收废纸阿婆的误认让柯文开始去了解这些平时不愿意多看一眼的石井人物，并从他们身上理解到父母的艰辛和不易，最终答应父母出国留学。,剧情,十字路口2021,2021
Robert,美国,Charlie,一bq毛娃娃一小女孩t解塾卸帱N神奇,剧情,小魔鱼童话夜,2017
王忠信,大陆,刘中明,民国初年，大镖师杨连盛押送天津富商门大少爷的驮马商队，一路风险来到金客云集的关东山林。他一方面为孙中山讨伐袁世凯筹措军饷，一方面寻找失散多年的姐姐。清晨，杨连盛和春花在山林中习武，不慎将春花打倒。杨连盛称她小姐，赔礼道歉，春花告诉他，她不是小姐。当春花得知杨连盛是杨柳青人时，说他和她干妈夜来香同乡。金大牙用金镯作诱饵，要秋花嫁给门大少。秋花不从，逃离家门，与自幼相爱的强子携手逃去。丛林中，金大牙带人追来，将秋花和强子绑在树上毒打。正好杨连盛赶来，他不顾金大牙要挟，放掉二人。强子、秋花脱离火坑，又被马占山的手下人抓住。马占山见秋花貌美，想用这块肥肉拉拢门大少。他一面命人请门大少，一面收拾新房，准备给门大少成亲。为救秋花，夜来香和春花往求美大姑。美大姑写信让她们母女俩交门大少。二人急忙返回。在马占山主持下，门大少与秋花强行拜堂。洞房中，门大少正欲向秋花动手，美大姑信传到。门大少看后五雷轰顶。原来秋花和门大少是同父异母兄妹。门大少再回洞房，秋花已吞金而亡。美大姑来到秋花坟前，告诫门大少不可认贼做父，忘报家仇。为迫使马占山打消收回前沟的念头，金大牙逼夜来香做了马占山的压寨夫人。马占山打开暗室，取出一串珠宝讨好夜来香，暴露了暗室中门大少寻找的金佛。暗随夜来香的杨连盛取走金佛，交给门大少。门大少从此对杨连盛言听计从。杨连盛料定马占山不会善罢干休，劝门大少尽早取货下山。杨连盛又探得金大牙暗室秘密，将珠宝和枪支取走。金大牙去求强子救命，被强子打死。马占山知门大少取货下山，暗生毒计。美大姑见到杨连盛，交给他一枚玉坠，杨连盛认出是姐姐佩带之物，细问之下，知道夜来香就是他寻找多年的姐姐杨月桂，但已含恨而亡。峡谷中，马占山率人拦劫门大少的商队，要置杨、门于死地。门大少中弹身亡。杨连盛奋力还击。激战中，美大姑率春花赶来，击毙马占山。杨连盛告别美大姑，押运这批黄金、珠宝踏上了返津的路程。,动作,金客商客镖客,1994
维尔日妮・埃菲拉,法国,安妮・芳婷,安妮・芳婷将执导影片[警察](Police，暂译)，卡司包括维尔日妮・埃菲拉([20岁的差距])、奥玛・希([触不可及])、格莱高利・嘉德波瓦([你拯救了我的灵魂])、佩曼・莫阿迪([一次别离])。芳婷与克莱尔・巴雷(Claire Barré)操刀剧本。　　影片故事改编自雨果・鲍里斯小说，讲述三名警察被迫接受一项不同寻常的任务：将一名陌生人遣返原国。在开车前往飞机场的路上，其中一名警察意识到，如果让他回到自己的国家，他将会遭到死亡的威胁。于是这名警官劝说其他两名同事放他走,剧情,警察2020,2020
瓦莱丽・博莱同,法国,亚历山大・科弗尔,阿兰（丹尼・伯恩 Dany Boon 饰）和瓦莱丽（瓦莱丽・博纳东 Valérie Bonneton 饰）结婚多年，共同生养了一个美丽乖巧的女儿，然而，夫妻两人同样火爆的个性令这段并不怎么和谐的婚姻最后以离婚告终，他们彼此都发誓这辈子也不愿意再见到对方。　　一晃眼，女儿长大成人，即将步入婚礼的殿堂，成为别人的妻子。在如此重要的时刻，女儿希望能够得到父亲和母亲的祝福，就这样，为了参加女儿的婚礼，阿兰的瓦莱丽踏上了旅途。让两人没有想到的是，他们竟然搭上了同一班飞机，意外的重逢使那些不愉快的旧日回忆一一闪现，两人相互刁难，争锋相对。一场意外令瓦莱丽错过了公车，于是，她决定和阿兰拼车，共同抵达目的地。,喜剧,火山对对碰,2013
Cody,美国,Cody,在这部滑稽、干涩、半开玩笑的科幻恐怖喜剧中，一个巨大的模糊手指从外太空落下来，威胁着一个女人，打断了她在家孤独的夜晚,恐怖,金手指2021,2021
Kevin,美国,Adam,帕克（艾玛・贝尔 Emma Bell 饰）对男友丹（凯文・席格斯 Kevin Zegers 饰）的死党林奇（肖恩・阿什莫 Shawn Ashmore 饰）成见颇深。一日，三人结伴去滑雪，到达时滑雪场即将关门，他们买通检票员乘上了上山的缆车。检票员临时有事离去，来换班的工作人员在不知情的情况下拉掉了滑雪场的电闸，锁上大门准备离开，滑雪场即将进入为时数月的封山期，帕克一行人就这样被悬挂在半山腰上下维艰。　　面对大自然的凶险，人类是如此不堪一击。天渐渐的黑了，寒冷，饥饿，随便那一项都足以置他们于死地。不知所措的三人急于脱险，但莽撞和无知却让他们伤亡惨重，此时他们才发现，除了要跟恶劣的天气作斗争外，还有一群饥肠辘辘的猎食者正虎视眈眈的盯着他们的猎物。,剧情,冷冻,2010
郑在咏,韩国,许宗昊,泰建浩（郑在泳 饰）是一名职业讨债人，痛苦的过去令他的个性变得异常冷酷，为了完成工作几乎可以说是不择手段。某日，医生诊断泰建浩患上了肝癌，时日无多，唯一能够保命的方法，就是在十日之内接受肝脏移植手术。　　泰建浩锁定了名为车夏媛（全度妍 饰）的女子，准确的说是锁定了她的肝脏，然而，车夏媛此时正因为欺诈的罪名被关在铁窗之后。泰建浩找到了车夏媛，后者同意移植肝脏，但泰建浩必须帮她找到陷害她入狱的师傅赵明植（李庆荣 饰），她的脑袋里只有报仇这一个念头。并非善男信女的两人仅凭利益结成了奇怪的搭档，却滋生出了一段奇妙的感情。,动作,倒计时,2011
Lauren,美国,Steven,"Forced to live a life inhabited by her wicked step mother and her two step sisters, Cinderella Perrault, learns about the fruition of love, life, and self discovery in this modern retelling..",爱情,灰姑娘魔法的开始,2018
米基・马诺伊洛维奇,,埃米尔・库斯图里卡,影片通过三位主人公――知识分子和投机商马高、他的朋友黑仔、他们共同的爱人娜塔莉――传奇般的人生展现了导演对南斯拉夫这个民族的理解与复杂情感。　　影片虽然长达两个半小时，却一点不让人感到冗长，全片充满了奇思异想，有着浓厚的超现实主义色彩，是一部名副其实的史诗片。电影情节虽然有些荒诞不经，但却准确地描绘了二战时期南斯拉夫的社会状况，大胆揭露了一些投机的战争英雄英勇事迹背后不为人知的真相。影片的基调是幽默和讽刺的，又十分活泼轻松，很欢快，甚至可以把影片当作喜剧来看。影片人物个性十分奔放，张扬，该片处处洋溢着创作者的激情。导演埃米尔・库斯图里卡处理史诗题材的天才手段展露无疑，由于该片深刻的讽喻，不少影评家将该片与俄国1995年的《毒太阳》相提并论。埃米尔・库斯图里卡本人也获得了当年威尼斯电影节的最佳导演奖,战争,地下1995,1995
??????,韩国,??????,想再婚的东国给儿子振英介绍了继母景淑，在家庭聚会上，振英看到继母的妹妹贤淑，很吃惊，就在几天前，这个女人还是自己的一夜情对象呢...,伦理,儿子的女友父亲的女友,2020
李康生,台湾,蔡明亮,小康是无用之人，在车水马龙中高举广告招牌维生，即便狂风暴雨亦屹立不摇。他举牌、点烟、尿尿，再举牌、点烟、尿尿，任车阵喧嚣从身旁呼啸而过。小康的生命中只有两个孩子，他们一起吃饭、一起刷牙、一起更衣，一起蜷曲着入睡。他们缺乏水电，总是在同一张破旧床垫上，伴着一颗高丽菜相拥而眠。整座城市彷佛都成了野狗咆哮游荡的废墟，河流也更遥远了。一个暴雨交加的夜晚，小康决定带上两个孩子，一同出航。,剧情,郊游,2013
肖恩・宾,英国,尼克・拉夫,在英国伦敦，暴力犯罪行为像腐败的霉点一般不时在城市中萌发生长。新婚的公司白领职员德克（Danny Dyer 饰）在路上遭遇几个流氓的莫名骚扰，被对方毒打的德克却毫无办法挽回失去的尊严；退役军人丹尼（Sean Bean 饰）回到家中，迎接他的却是妻子和另一个男人共处的情景；律师曼洛因为审判一名犯人而使家人遭遇威胁，最终怀孕的妻子被人杀死在家中……不堪忍受在生活中被压抑被伤害的丹尼组织被歹徒毁容的青年、公寓保安以及德克、曼洛、曼洛的司机沃尔特（Bob Hoskins 饰），他们六人组成了一支法外之徒的部队，开始用自己的方式惩罚大都市中的肮脏犯罪，在警方与罪犯之间，他们流走在深渊的边缘……,动作,无法无天2007,2007
呈让,大陆,冯宝宁,西风正烈，茫茫戈壁惊现一具女尸，一对临时结义的绑匪阴差阳错闹出一桩桩惨案。痞子刑警舍命缉凶，揭开每一桩命案背后的贫富辛酸。,动作,刑警本色2021,2021
刘一莹,大陆,李玉磊,傍晚时分，暴雨封山。 峻峰岭景区山顶，实习民警卫东带着三个没来得及下山的游客到客栈避雨。客栈里，除了女老板钱多多，情人彪子，还有两个刚刚入住的房客，跟女网友约会的摄影师欧阳，以及来见客户的保险推销员涂俊。 夜里，钱多多的情人彪子在浴室中毒身亡，众人的慌乱和嫌隙让事件变的扑朔迷离， 保险推销员涂俊和摄影师欧阳也接连遭遇横祸，离奇的连环杀人依旧在持续，让这家与外界完全隔绝的客栈变成了可怖的人间地狱，下一个将会是谁？人人自危，生者为求自保彻底疯狂，身为民警的卫东必须要控制住失控的局面，找出幕后真凶，保护活下来的人。事情的发展完全超出了卫东的想象，这个雨夜，惊悚恐怖的表象下，其实是一场精心布局的复仇…,剧情,看不见的房客,2021
Janelle,美国,James,贪婪的鲨鱼利用人类的身体筑坝,动作,坝气鲨,2019
Catherine,美国,Glenn,《贝尔女巫萦绕》据真实事件改编，本片由罗伯逊县警长手机和摄像机的尸体上为素材，制造了一起灵异事件...,恐怖,贝尔女巫萦绕,2013
考特尼・盖恩斯,美国,Josh,"万圣节前夕，当地的弃儿雅各布-阿特金斯不小心被人谋杀，一个名叫 ""死亡博士 ""的畸形秀老板，亲自动手，让雅各布起死回生，对凶手进行残酷的报复",恐怖,甜蜜复仇夜,2019
Vasili,其它,Mikhail,契若夫是外科医生，拉宾是养畜专家，涅斯特拉托夫是建筑学院士、建筑事业管理局的领导，三个童年时代的好朋友如今都已成为著名的学者。契若夫和拉宾决定要实现他们童年时代的幻想，趁休假的日子到河上去旅行，他们好不容易才找到了高高在上、脱离群众的涅斯特拉托夫。当他们把他带到一张木筏上而不是豪华客轮的头等舱时，这位一向自高自大的院士大为惊奇。他们乘着搭有柳条栅子和舒适床铺的木筏沿着雅乌兹河旅行。影片作者在他们的旅途上安排了各种滑稽可笑的情境，使院士始终处于尴尬的、受教育的地位。当他自吹自擂的老毛病发作时，两位朋友像孩提时代―样，把他浸到河里灌水，直到奉承求饶为止。但他旧习难改……,喜剧,忠实的朋友,1954
托比・凯贝尔,美国,奥玛尔・内姆,一个年轻女人意识到她的未婚夫被某种实体附身，占据他人身体、谋杀家人然后继续附身到新躯体之上，当“他”想组建属于自己的家庭时，她将面临着几乎不可能的抉择。,恐怖,占据2020,2020
吴京安,大陆,周琦,上世纪六七十年代，时任甘肃省副省长李培福（吴京安 饰）带领党员干部筚路蓝缕、披荆斩棘，建设景泰电力提灌工程的先进事迹，成功塑造了老一辈无产阶级革命家全心全意为人民服务的质朴形象，生动诠释了共产党人不忘初心赢得民心的精神风范。,剧情,面向群众,2018
??????,韩国,??????,和有小孩的已婚男人贤秀结婚的智敏，但是于英也不是贤秀的亲生儿子，年龄差也不了多少，智敏对与于英的关系感到不舒服，另一方面，于英在智敏身上感受到不一样的爱意，对妈妈有这种感情他常常感到自愧，但是偶然发现自己是领养来的孩子，于英决定向智敏表白了自己的心意...,伦理,18岁性感女王的性丑闻,2020
笑福亭鹤瓶,日本,西川美和,地处偏僻的神和田村，是一个人口严重流失、老龄化程度极高的村落。医生伊野治（笑福亭鹤瓶 饰）的到来为老人们解决了治病无门的烦恼，他和蔼可亲，医术高明，被当地人奉为神明，备受尊敬。从东京来此实习的年轻医师相马启介（瑛太 饰）起初也不了解伊野甘于寂寞的做法，但随着出诊次数的增加，他和当地人建立了质朴的友情，也对伊野医生有了更多地了解。　　然而就在两个月后的某个夜晚，伊野医生神秘失踪，村民们慌乱不安，十分担心他的安慰。而负责此案的警官（松重丰 饰）却似乎另有想法，经过一系列的调查，关于伊野治的身份和秘密渐渐浮出水面…,剧情,亲爱的医生,2009
杰弗里・怀特,美国,乔纳森・戴米,荣获了诸多荣誉和奖章的本・马高（丹泽尔・华盛顿 Denzel Washington 饰）当年曾是一名海军陆战队上尉，第一次海湾战争期间，他所在的小分队夜晚执行搜查任务时遭到伏击，凭借战友雷蒙德・萧中士（利夫・史列巴 Liev Schreiber 饰）的机智与果敢，整个小 队最终化 险为夷，失去知觉的本也多亏雷蒙德才死里逃生。十年后，本在无数个场合讲过这段过去，并大力盛赞雷蒙德的果敢。由于战争期间的出色表现，雷蒙德的仕途一片光明，在参议院的母亲伊丽娜（梅丽尔・斯特里普 Meryl Streep 饰）的协助下，他如今已然成为副总统的候选人。然而就在此时，本却倍感焦虑，在他的心中不断质疑着当年发生的一切，似乎那晚的袭击事件有着另一个不为人知的版本……　　本片根据1962年约翰・弗兰克海默的同名经典影片改编,剧情,满洲候选人2004,2004
弗兰克・辛纳特拉,美国,约翰・弗兰克海默,约翰・弗兰肯海默导演的一流政治惊悚片。编导将冷战时代的政治讽刺与悬疑故事作出完美的结合，气氛紧凑逼人，极具戏剧张力。　　故事背景是韩战之后的美国，劳伦斯・夏威返国时被当作战争英雄，荣获国会勋章，但他同一排的弟兄和他的排长法兰克・辛纳屈都不清楚他在战场上干了什么英勇行为？辛纳屈时常梦到韩战的奇怪景象，决定调查真相，终于发现他们那一排的人原来曾被北韩军队俘虏并加以洗脑，夏威已变成苏联派到美国作政治暗杀的洗脑杀手。　　剧情发展溶合了写实幻想与象征，彼此交错进行，因此映象的处理亦十分复杂，有如一列不断在变速的火车，对于能够进入情况的观众是会看得很过瘾的。,剧情,满洲候选人1962,1962
海因茨・吕曼,,拉迪斯劳・瓦赫达,几名年轻女孩被杀。警察马修前往事发地区，搜查了一名看上去与被谋杀者相似的儿童。他找到了一个，和她和她的母亲呆在一起，没有告诉他们他在等待凶手再次开始他的血腥工作。。。,剧情,光天化日之下,1958
希拉里・斯万克,美国,德翁・泰勒,影片讲述一个成功的体育经纪人达伦（迈克尔・伊雷饰），当他被卷入由一个身份存疑、不知羞耻但行为坚定的侦探（希拉里・斯万克饰）领导的警方调查中，他原本的完美生活渐渐消失……,剧情,致命女郎,2020
风间彻,日本,冈本喜八,拥有四万公顷山林和土地、价值七百亿日元的82岁老妇人柳川敏子被三个胆大妄为的年轻人诱拐、劫持。三人提出老人的赎身价为五千万日元，柳川敏子勃然大怒：“痛痛快快要一百亿好了，也免得给后代们丢脸。”不知所措的年轻人反而央求柳川把数额减少一些，决不让步的柳川则开始信心十足地指挥起这场“诱拐战”。警察局长井狩要求通过电视现场直播让柳川与家人见面，以确认其是否安全。柳川则巧妙地指挥电视转播车开到隔谷相见的山间，通过电视指示家人将山林和土地变卖筹款。一百亿日元装上了直升机，柳川又声东击西甩开警察，指挥飞机将钱运到了指定的地点。安全回到家中的柳川内心所感慨的其实是：当自己死后，财产的70%将作为继承税被国家白白掠去，而被拐走一百亿就可以使一百亿财产不被征税。这也就是她利用被诱拐的机会假戏真做的真正原因。,喜剧,大诱拐,1991
赵铭岳,,胡笳,黎齐（赵炳锐 饰）与同性好友任宇（岳野 饰）在海南共同生活多年，任宇因长像酷似已故演员张国荣，而受到往来游客的欢迎。女孩百灵（沈诗雨 饰）的到来使得两人间的情感发生不可逆转的变化，三人同时掉入感情与欲望的漩涡中不可自拔，而此时外界力量的干扰，最终导致惨剧的发生……,伦理,槟榔血,2017
喜翔,,张耀升,王大在妻子^世後自狃Bo血PS的女海榱四蜇女捍W的WM，扇税岬捷^便宜的凶宅住，s意外遇上凶宅e的汗忠，忠利用了王大的身w，椭王大[平了生活上的困y，但背地es有著\c。,台湾,再看我一眼,
吴慷仁,台湾,高炳权,谁没有过失误的青春？我们的爸妈也曾说谎、逃避，最后带着一肚子自责和肥油老去，和我们并没有什么不同…　　28 岁还在混大学的废材阿给，跟老妈珍英住在淡水，父亲是24年前少女心中的亚洲小情人“奶油起司”团员Bony，在新专辑问世前夕人却失踪。 那年他四岁，父亲留下的只有一个未完成的歌，阿给长大后珍英不准他学吉他当 Rocker，两人终日吵架。　　对朋友总是义气相挺的阿给，不但把存款都梭哈，还背着老妈把邱家鱼丸房地契借给开Pub的老高抵押欠债。阿给前一秒在Pub逞英雄，下一秒就转身向珍英开口要钱，再度被珍英轰出家门。 阿给只好借酒解忧愁。回家路上他一边怪天怪地，一边找地方想尿尿，忍到淡水河边让尿水随河奔入海。没想到眼前却出现一名男子在淡水河中求救，阿给救起昏迷男子，发现竟然跟他老爸长得有点像…不！根本就跟失踪时的老爸一样年轻？！　　酷龙叔看着溺水昏迷的人，不但自称就是当年搭档Bony，连番拷问他本尊才知道的事也都正确回答！阿给虽仍不信，但也只能先把他带回家。Bony住进阿给家，珍英从怀疑到相信他就是失踪多年的丈夫。因为Bony的出现，阿给发现自己似乎从未真正了解过母亲，Bony的到来，让屋檐底下几个人的关系有了微妙的变化。　　阿给跟Bony试遍各种回到过去的可能，跌跌撞撞却一路失败，他们把最后一丝希望押在上电视找方法，却似乎不被相信，正要离去之际，大师神秘告知某处阴阳交会之衣柜或许真的可以让Bony回到过去。 经历这一切，阿给突然明白他的鲁蛇来自于他的逃避不负责，他决定自己挽救人生、挽救爱情。而他想到的方法竟是先把 Bony 从精神病院救出来，跟他一起挽救未来的人生…,剧情,鲜肉老爸,2016
内贾蒂・沙什马兹,,塞尔达尔・阿卡尔,阿莱姆达尔（内贾蒂・萨斯马兹 Necati Sasmaz 饰）是一位机智而又神勇的土耳其特工，某日，他收到了朋友的遗书，遗书中，朋友控诉了自己曾经遭到美国特工头目马歇尔（比利・赞恩 Billy Zane 饰）的非人对待，阿莱姆达尔发誓要为朋友报仇雪恨。　　就这样，阿莱姆达尔来到了混乱的伊拉克北部，在这里，马歇尔控制并作为独裁者统治着他的占领区。马歇尔的专横和草菅人命激怒了当地的居民，然而他们的肉身却不断的破碎在无情的子弹之下，阿莱姆达尔的到来给当地人带来了一线的希望，很快，阿莱姆达尔便有了追随者，势力渐渐壮大。马歇尔不仅滥杀无辜，还联手监狱里的医生经营着非法贩卖器官的勾当，面对错综复杂的权利和强大的对手，阿莱姆达尔最终能否带领人民走向自由呢？,动作,伊拉克恶狼谷,2006
Nadine,法国,罗伯特・布列松,,剧情,穆谢特,1967
君舨,日本,P根和美,Y束蜜月旅行的新婚夫妻翔太和美，扇碎_心住M建B的新房，^著甜蜜又幸福的日子。不料某天，翔太公司的人事部L阿久津告V他f，因樗的一名女性下奈遭人投V，公司J檫@是因橄杼督下俨涣Γ因此...,伦理,烦人的欲望出租屋,2018
乔治・C・斯科特,美国,罗伯特・怀斯,罗伯特.怀斯执导的该部灾难片根据真实事件改编而成。故事讲述一九三九年，一艘满载各式人等飞往纽约的德国造兴登堡飞船，在抵达纽约上空时发生爆炸，造成了历史上的大悲剧。,剧情,兴登堡遇难记,1975
摩根・弗里曼,,米凯尔・萨洛门,大雨造成的洪水将小镇变成了一片汪洋，镇上警察们正气哼哼的督促每一家撤离避难。押运员汤姆（克里斯汀??史莱特 Christian Slater 饰）与查理在大雨中来到银行，为撤销分行而取走三百万美元现金，不久他们的押运车陷入了荒凉路段的塌陷不能前行，于是发出信号向国民卫队求助，岂料信号被早有准备的吉姆（摩根??弗里曼 Morgan Freeman 饰）等四人截获，吉姆等人暴力行劫，查理殉职，汤姆独自逃出，吉姆紧追不舍。汤姆在亡命途中偶遇留镇保护教堂艺术品的女子凯伦，终于得到报警的机会，警察们将汤姆扣留后寻找他藏匿墓地的现金。洪峰到来将警察冲散，而汤姆在凯伦的帮助下获得了自由，准备逃出小镇的汤姆一行不幸被吉姆堵截，而这时警察们的到来，为混乱的局势再添一重变数……,动作,大雨成灾,1998
赵廷义,大陆,闫学开,36号护卫车接到任务，他们必须要赶着沙漠大风暴来临之前把神秘箱子运送出沙漠，这次任务对36号护卫车所有护卫人员来说就是一件平常的护卫任务，一辆防弹护卫车带着护卫人员一路开往目的地，一群亡命悍匪设伏制造车祸现场抢劫护卫车，匪徒们拿着枪朝着护卫车疯狂扫射后才发现护卫车是防弹的，于是护卫人员与匪徒展开了一场厮杀......,动作,36号护卫车,2020
里奥尼德・费拉托夫,其它,卡连・沙赫纳扎罗夫,工程师丽拉金来到了零城一个没有坐标的城市。那里的一切都令人费解。他发现厂长女秘书全身赤裸的坐在桌子后面打字，而来往经过的人谁也不感到奇怪。瓦拉金要求厂长满足他的一项要求，厂长满口答应，不过他说要和总工程师具体接洽，而女秘书告诉瓦拉金，总工程师在8个月前就已经淹死了。瓦拉金来到一家饭店用餐，厨师送上一个人头型的蛋糕，瓦拉金发现，那个“人头”竟和自己的头一模一样。瓦拉金正在惊愕时，厨师突然被打死了。随之而来的进行侦破的检察长告诉瓦拉金，厨师就是他的父亲……,剧情,零城,1988
麦丽・弗拉纳甘,美国,William,小熊在圣诞节的早晨偷偷溜出去 给他的父母、熊妈妈和熊爸爸找到了一份完美的礼物 结果却与一个邪恶的巫婆相交 女巫把他变成了一个人类,剧情,魔幻佳节寻宝记,2019
Francesca,其它,罗伯托・迪・菲奥,"Samuel is a paraplegic boy who lives with his mother Elena in an isolated mansion. When he meets Denise, he finds the strength to open up to the world. Elena won't let him go so easily, and she is ready to do whatever it takes to stop him.",恐怖,隔绝之巢,2019
詹米・多南,美国,贾斯汀・本森,安东尼・麦凯、詹米・多南加盟科幻惊悚片[同步](Synchronic，暂译)。艾伦・穆尔黑德、贾斯汀・本森([无尽])执导，贾斯汀・本森操刀剧本。麦凯、多南在片中饰演新奥尔良两名医护人员，一种离奇药物的出现导致了一系列恐怖死亡事件，两人的生活也被彻底打乱。XYZ Films负责该片国际发行。,科幻,同步2019,2019
亚历克・吉尼斯,英国,亚历山大・麦肯德里克,怀博菲丝太太在警察局自称见到不明飞行物被警察赶了出去。　　一个乐队跑去了怀博菲丝太太的住所，他们希望能借住在这里创造一首新歌。其实他们正计划抢劫运钞车，他们在怀博菲丝太太的公寓筹备着整个计划，而怀博菲丝太太还蒙在鼓里。　　当他们成功的抢劫了运钞车之后，事情也终于让怀博菲丝太太发现了，他们决定将怀博菲丝太太杀掉一了百了，但他们却都因为不同的原因相继死去。　　老太太去警察局报案，警察却因为之前的“不明飞行物事件”完全否定怀博菲丝太太的说法，最后那笔钱全成了老太太一个人的。　　讲述一群智商不高的盗贼想不到会栽在一个小老太太手里。居住在伦敦的怀博菲丝太太到警察局自称见到不明飞行物，被警察赶了出去。一个乐队来到菲丝太太的住所租房子，说要在这里搞创作。其实他们是一伙窃贼，正计划抢劫运钞车，要在菲丝太太的公寓做准备，而她还蒙在鼓里。当他们抢劫成功后，菲丝太太也终于发现了真相，于是他们决定将菲丝太太灭口，然而这个老太太似乎不是看上去那么好对付，窃贼们全都因为不同的原因相继死去。老太太去警局报案，警察却因为之前的“不明飞行物事件”完全否定菲丝太太的说法，最后那笔钱全成了老太太一个人的。,喜剧,贼博士,1955
亚历山大・德雷蒙,其它,米凯尔・马奇曼,故事讲述一对情侣坐小飞机去岛屿上参加婚礼，在离开小岛时飞行员不幸突发心脏病，俩人得想办法活下来。,恐怖,地平线2020,2020
李・麦瑞威瑟,美国,Mark,“自由”和“坏女孩”这样的标签总会被大家拿在一起比较，尤其是在一个喜欢跳舞的校舞蹈队里面。布隆是一个新来的转校生，带着极不情愿的心情来到新学校，因为内向的她即将要面对的新的老师，新的同学。即将到来的学校舞会让整个班集体都沉浸在兴奋与激动中，舞蹈队长也是积极号召大家参与其中。本想安静过完校园生活的布隆，在一次意外中加入了校啦啦队，她的舞蹈让整个啦啦队的风格发生变化，这个时候大家才发现原来这个小巧的女孩舞蹈功底相当扎实，于是邀请她参加啦啦队，而布隆的生活也开始发生变化……,剧情,霹雳舞2017,2017
安迪・加西亚,美国,希罕・哈吉,一支美国海军陆战队潜入恐怖组织以拯救美国人质。,动作,救赎之日,2019
卡梅丽雅・乔丹娜,法国,埃马纽埃尔・穆雷,"En attendant que son petit ami la rejoigne pour des vacances à la campagne, Daphné, enceinte de trois mois, se lie avec son cousin Maxime, et leur intimité partagée les rapproche dans une véritable histoire d'amour.",爱情,所言所行,2020
皮埃尔・布拉瑟,,乔治・弗朗叙,生物学教授詹尼西尔（Pierre Brasseur 饰）因一次车祸使心爱的女儿克莉丝汀（Edith Scob 饰）面容尽毁，女儿伤愈后只能终日戴着}人的白色面具，痛苦非常。爱女心切且心怀内疚的詹尼西尔与助手路易丝（Alida Valli 阿莉达??瓦莉 饰）伪装克莉丝汀失踪、死亡的假象，暗中诱拐与女儿年龄相仿的女性，将其麻醉后剥掉面皮，移植到克莉丝汀脸上。　　但手术接连失败，牺牲者也不断增加。亲眼所见诸多同龄女孩惨遭杀害，克莉丝汀心中痛苦不已。另一方面，众多女孩失踪的案件也引起了警方的注意，他们逐渐将目标锁在疯狂的詹尼西尔身上……,剧情,没有面孔的眼睛,1960
托马斯・简,美国,拉塞尔・穆卡希,马龙是一名私家侦探，他最近掌握了一个重要的信息，由此引来了黑帮的追杀，一场腥风血雨不可避免地即将来临。,动作,侦探马龙,2009
Grant,英国,David,当乘务员安娜从纽约进行长途飞行后到达伦敦希思罗机场时，她已经精疲力尽，而且非常烦躁。 另一个平淡无奇的酒店房间只会增加她的情绪状态。 在酒吧与一个好看的男人碰面的机会充实了她的夜晚，两人很快就搭上了夜晚。 第二天早上安娜醒来时，她发现自己浑身是血，那个男人在床上残酷地谋杀了他。 谁干的？ 这种情况使她处于困难的状况，要报警，但是她现在该怎么办？ 您如何摆脱困在旅馆房间里的尸体？ 安娜将争分夺秒地拼凑起来，以发现一个可怕的真理。,恐怖,死亡标题,2018
艾拉・巴伦坦,加拿大,John,安妮正在成长为一名年轻女子，她开始尝试新的事物，为她的未来做决定,剧情,清秀佳人：火与露,2017
杰西卡・贝尔金,美国,Tom,新任校长兼单身母亲凯西发现，她与迷人的18岁的伊恩的相遇并不是偶然的，因为伊恩转学到她的学校，而他的目标是凯西和她十几岁的女儿布里，这是一个致命的阴谋，伊恩想要复仇，因为他认为凯西是导致他家庭分裂的罪魁祸首，而且导致了他父亲的死亡...,恐怖,致命报复,2019
L琴,台湾,高翊峰,「起的地方 pucevuljan」，取材自排匙宀柯洌改真人事，v述一跨世代的排踌`媒家族，在F代c鹘yn突下，如何⒉柯潇`媒Ya鞒醒永m。　　排匙宓pulingaw(`媒)，在鹘y祭x中任c祖`之g的贤ㄅc鬟_者，同r也是族人心理用娴嵛空撸s常被外界不了解而蒙上神秘色彩，透^”４媾c分享排匙鹘ypulingaw文化。「起的地方」由三位具有排逞y的知名演T，L琴、~|庭及⌒滦闱к油V演出。　　≈惺褂么罅颗匙逭Z，榱俗演出更到位，安排☆上母Zn跟`媒知Rn。〕了描述排匙屐`媒文化以外，用冒的pucevuljan橐庀螅希望鬟_回l、w俑械嘏。　　全⒃谄|取景拍z，深入部落忠呈F故事，　起的地方 pucevuljan」，大家更重鹘y文化延m以外，也希望酒刃男r候Σ柯洹家的。,剧情,烟起的地方,2017
米莱纳拉・德罗维奇,俄罗斯,阿森尼・苏亨,故事聚焦在一支研究团队，他们被派到科拉深孔（Kola Superdeep Borehole）去调查源自于深处的奇怪声音，他们却发现超乎他们所有想像的东西。更糟的是，他们可能无意间将躲藏在深处的东西给释放了出来。,科幻,科拉深孔,2020
江波亮,日本,关根和美,心理学博士永吉最近一心投入了正在执笔中的书中，妻子笑子自然也成为他研究对象之一。没想到在研究的过程中，意外发现笑子竟然有性虐待者的倾向。为了修补永吉和妻子之间的关S，村木副教授安排他的前女友瞳成为永吉的贴身z书。此时，永吉的学生祥子也有求于永吉。原来成绩名列前茅的优等生祥子，为筹措出国留学的学费，而忘了在规定期间缴交报告，希望永吉能帮她。大学教授永吉周旋在众多女人之间，究竟会发生什麽样的故事呢？,伦理,不伦妻与小恶魔女,2017
Ahmed,其它,Ibrahim,在这部续集电影中，一队擅长漂移和竞速的赛车高手接受征召，前往执行一项黑社会的神秘任务....,动作,阿拉伯漂移2,2018
孙昊,大陆,刘迪洋,失业青年周鳌和网络写手江子微在一次奇遇中被换脸，成为来自未来的智能高科技机器人OMG的助手。为完成任务，他们在机器人的指点下帮助女明星和欠债人换脸，借以搜集不同类型换脸者的人生体验，也帮他们找到了初心。,剧情,换脸・幻梦成真,2021
罗立群,大陆,朱维俐,本片讲述了分属两个政治集团的夫妻狄云和凌雪之间，在面对婚姻危机之后，共同找回属于两个人的爱情，并最终同仇敌忾，将倒卖国家火器的西厂提督刘保绳之以法的故事。,动作,双剑合璧,2018
孙昊,大陆,刘迪洋,失业青年周鳌和网络写手江子微在一次奇遇中被换脸，成为来自未来的智能高科技机器人OMG的助手。为完成任务，他们在机器人的指点下帮助女明星和欠债人换脸，借以搜集不同类型换脸者的人生体验，也帮他们找到了初心。,剧情,换脸幻梦成真,2021
路易・德・菲奈斯,,罗贝尔・德里,福桑是一位造船主，有他职员设计的一艘帆船在比赛中获得了胜利，这引起另一家公司的关注。并欲与其职员亨利及夏莉签定合同。为了战胜对手。双方都使出了各种办法争取该两人的支持。过程中笑料百出，让人忍俊不禁。,喜剧,小泳者,1968
袁伟龙,大陆,杨永,上古年间，魔教主幻影为夺取轩辕神剑，在修仙门叛徒灵光子 带领下，所有魔教弟子偷袭修仙门，毫无准备的修仙门与魔教 由此展开一场殊死搏斗，上古神剑轩辕剑也被封存在群山之中。 三百年后，上清掌门清秋飞升之际将灵虚剑与掌门之位传给无念，无念带领修仙门开始了漫长的寻找轩辕剑之路，途中遇到魔教余孽各种阻拦。正邪之间的爱情，背叛正义错综复杂，一系列的阴谋诡计和大开杀戒在仙魔两派之间上演。多年以后无念带领修仙门来到云海峰，与魔教再次激战，修仙门死伤无数，魔教弟子也是尸首异地，天心门李素玉与上清老掌门清秋的出现让无念终于取得轩辕神剑，凭借轩辕剑的威力将魔教头领幻影彻底斩除，魔军覆没，而无念的爱人小白为救无念受幻影重击元神俱灭。,剧情,神剑奇缘,2020
李乌,韩国,林顺礼,究竟理想和现实可否共存？看来这是此片编导最想探讨的问题。「威基基兄弟」本是一队四人的乐队组合，但是成员都先后因为种种原因相继离队，众人都得向现实低头，知道单是理想实在不能够医肚，也不能够维持生活，唯独男主角Sung-woo不肯向现实低头，无论环境有多恶劣，包括要他受辱，他也不放弃理想，誓要继续其乐手的职业。但单是坚持是否就足够？只见Sung-woo每次演奏时都目无表情，矛盾的心情可见，看来他又不是真的这样享受这种所谓的「理想」生活。相反，和Sung-woo一样，理想成为职业乐手的酒店打杂（柳N范）却吃得开得多，他和Sung-woo一样，最后也能在酒店卖唱，却表现得非常投入，因为他懂得变通，为自己的表演注入商业原素，而非只求孤芳自赏，所以能够得到老和观众的支持。透过酒店打杂和Sung-woo的比较，编导把为理想的艺术家所面对的难题以调子灰暗的剧情呈现出来，感觉令人心酸和无奈。　　从一个角度来看，可以尝试把两人的比较放在韩国的电影界来看。近年韩国有不少有抱负和才华的电影人，他们不是不懂拍纯粹艺术电影，但是为了能扬名和让更多观众认识自己的电影，也为了能找到投资者，往往要为电影加添不少商业原素，才能取得成功，这种情况犹如戏内酒店打杂一样，如果你要在这个圈子生存，就要了解游戏规则。硬是要搞孤芳自赏的话，不是不行，但最终只会如Sung-woo一样被逼回到乡下地方继续其事业，并不能在大围圈子内发围。对于这群有抱负和才华的电影人而言，Sung-woo的遭遇绝对是他们在现实所面对的窘境的最佳写照。这是进退两难的局面，要冲开去实在不容易。这亦解释了为什麽电影海报以配角的柳N范为主，因为他在此片的作用是举足轻重，也是唯一取得成功的一人。　　此片不少演员都是资深舞台剧演员，演出电影经验不多，但是凭着丰富的舞台经验，把戏内笑中有泪的角色性格演活，犹其主角LeeEol，表情不多却成功塑造出主角无奈的性情。新人柳N范（导演柳N完的弟弟）亦充满活力，为此片沉d的气氛增添不少生气。　　此片剧情甚富馀韵，是一i拍得有意思的电影，只不过风格上偏向闷艺片典型，并不是容易为大众接受的类型，加上全片歌曲甚多（歌词对剧情发展甚为重要，记谨留意字幕），如果你不喜欢音乐或文艺片的话，未必能坐毕全程。,剧情,威基基兄弟,2001
克里斯托弗・约纳尔,,罗阿尔・乌索格,位于挪威西部的??knes与Hegguraksla山脉虽然景色怡人，但是山体的不稳定也留下了巨大的安全隐患。一旦山体滑坡，就会造成巨大的海啸。人们早已在为此担心，直到有一天它终于发生了。山体滑坡造成了高达85米的巨型海啸，即将让挪威从地图上消失。一名地质学家预知了这一切，必须开始一场和时间的赛跑。,动作片,海浪,
路易・德・菲奈斯,,德尼・德拉帕特利埃,梅（路易・德・菲耐斯 Louis de Funès 饰）是一名经验丰富的画商，在他的眼里，那些精美绝伦的艺术品不过就是一摞一摞的钞票而已，而他所关心的全部，就是怎么讲这些钞票弄进自己的口袋。一次偶然中，梅遇见了一位名叫雷格涵（让・迦本 Jean Gabin 饰）的老兵，梅震惊的发现雷格涵身上竟然纹的是莫迪尼阿尼的真迹，梅想方设法的想要把真迹弄到手，但是雷格涵的脾气暴躁又倔强，对梅的殷勤拒之于千里之外。　　梅不死心，他追随着雷格涵的步伐回到了他的家乡，让梅没有想到的是，看上去五大三粗的雷格涵竟然是一名伯爵，只不过他的祖业因为长期无人打理早就破败不堪,喜剧,名画追踪,1968
道格・琼斯,美国,Scotty,未来，地球环境变得愈来愈恶劣，人类纷纷踏上外太空移民的星际之路。一艘硕大的航天飞船遭遇空难毁灭，载着船长的逃生舱被另一艘飞船所营救。然而，逃生舱里只有被划定为非公民的夏娃・米勒中尉（玛丽娜・赛提斯 Marina Sirtis 饰），此时她呆呆傻傻，陷入混沌。船长命令部下提取她的记忆，从记忆中得知，已经怀孕的米勒中尉在灾难中和富兰克林船长、多默、汤姆森、李等共计五人登上了逃生舱。虽然米勒遭受其他人的歧视和羞辱，但她还是竭尽全力要寻找生还的希望。只不过最后舱里究竟发生了什么事？其他四人究竟去了哪里？　　米勒中尉的记忆中藏着可怕的未解之谜…,科幻,第五名乘客,2017
路易・德・菲奈斯,法国,塞吉・科波尔,从意大利返家的途中，汽车坠落在海边悬崖的树梢上。被困树梢的汽车，面对饥饿酷暑、吸血鬼噩梦，主人公亨利罗比尔等三人是如何自救的呢？法国著名喜剧大师路易德菲耐斯演绎一场场令人捧腹大笑的法国式搞笑事件！,喜剧,落在树梢,1971
布尔维尔,,热拉尔・乌里,安东尼（布尔维尔 Bourvil 饰）是一个普通的再不能更普通的中年男人，一次意外中，他竟与黑帮老大萨洛扬（路易・德・菲耐斯 Louis de Funès 饰）相识了。对于萨洛扬的真实身份，老实的安东尼并没有任何的察觉，他只以为萨洛扬是一个难得的好心人，因为萨洛扬不仅赞助了他从那不勒斯到波尔多的全部旅费，还送给了他一辆超级豪华的轿车。　　就这样，安东尼怀着激动和兴奋的心情，开着闪亮的轿车开始了他的幸运之旅，然而，一路上，各种各样的麻烦接踵而至。原来，萨洛扬送给安东尼的轿车里藏有大量的黄金、钻石和毒品，他利用了安东尼的善良，让他间接成为了帮助自己运送赃物的“帮凶”，这个表面上看来天衣无缝的计划能否成功进行呢？,喜剧,暗度陈仓,1965
路易・德・菲奈斯,法国,让・吉罗,头脑简单却拥有百万家产的安托瓦爱上了年轻美貌的帕达丽夏，整日纠缠不休。为了摆脱这个令人讨厌的家伙，帕达丽夏雇佣了一个叫西蒙的男人假装自己的丈夫。此刻帕达丽夏的父母正在国外旅行，为了给帕达丽夏的父亲一个惊喜，母亲花重金买下了一块传说蕴藏丰富石油的土地作为生日礼物送给他，但很快大家发现卖土地的人是一个骗子。为了把这块土地转手卖出去，父亲想到了追求女儿的安托瓦。　　但此时帕达丽夏已经有了“丈夫”，考虑到快要为了这块土地而发疯的父亲，帕达丽夏只得同意把安托瓦约到家中度周末，并慌称西蒙是自己刚从国外回来的哥哥。　　西蒙和岳父向安托瓦大力推荐着那块可以令他发财的土地，正巧帕达丽夏外出旅行的弟弟保尔带着女友帕尔玛回到家中。于是一家人开始一起演出这场闹剧。帕达丽夏用自己的魅力吸引着安托瓦的注意，父亲则使出浑身解数想要安托瓦签支票买下土地。　　西蒙看出帕尔玛有问题，用计套出了帕尔玛的真实身份。她原本只是一个夜总会的女招待，看到保尔出手大方，便骗保尔说自己是将军的女儿。事实上她只是想得到保尔的财产。此次在保尔家，帕尔玛发现安托瓦比保尔更有钱，于是改投安托瓦怀抱。西蒙和帕尔玛达成协议，只要帕尔玛引诱安托瓦签支票，西蒙就不会在众人面前透露她的底细。　　安托瓦最终同意买下这块土地，他已经被帕尔玛迷得天旋地转。安托瓦带着帕尔玛回到自己家，帕达丽夏终于摆脱了他。此刻帕达丽夏和西蒙之间产生了非常微妙的感情，西蒙终于成为了帕达丽夏真正的丈夫。,喜剧,老爸的烦恼,1963
瑞吉斯・梅鲁普,,玛雅・达-林,玛瑙斯是个被亚马逊雨林环绕的工业城市。中年土著贾斯蒂诺在货运 港口任职保安，妻子去世后，就跟他最小的女儿相依为命，一起住在 市郊一所不起眼的房子里。女儿在诊所当护士，被录取前往巴西利 亚大学学医，很快就要离开了。贾斯蒂诺持续发烧，却查不出病因。 高烧不退的他，在工作期间只得强打精神。港口的工作规律被新来的 警卫打破了，哥哥的来访也使贾斯蒂诺想起离开了20 年的森林生活。 城市的压迫，加上远离家乡，贾斯蒂诺再也无法忍受没有身分的生 活。获洛迦诺电影节最佳男演员及国际影评人联盟奖。,剧情,高烧,2019
路易・德・菲奈斯,法国,让・吉罗,故事发生在一个名叫基尔迪弗洛的小村庄里，随着科技的飞速发展，人们的生活越来越便利快捷，即使是地处偏远的小村庄里也逐渐出现了各式各样的电子产品。在这样一种不可逆转的大趋势中，克劳德（路易・德・菲耐斯 Louis de Funès 饰）和弗朗西斯（让・卡米特 Jean Carmet 饰）显然属于异类，他们崇尚自然的田园生活，凡事亲力亲为，过着日出而作日落而息的生活。　　一群来自奥金斯星球的外星人的降临打破了克劳德的平静生活，好客的克劳德热情的招待了这群天外来客。为了答谢克劳德的好意，他们复活了克劳德死去的妻子，并将她变回了二十岁的模样。随着村庄建设开发脚步的临近，克劳德和弗朗西斯的土地将被征收，无法舍自然生活的他们决定跟随外星人，迁往奥金斯星球。,喜剧,天外来客,1981
路易・德・菲奈斯,法国,克洛德・齐迪,美食杂志主编Charles Duchemin（Louis de Funès）具有天赋异禀的嗅觉和味觉，食物经他的鼻子一闻、嘴巴一品，是否真如传说中美味便可得知。为了让读者品尝到真正可口的食物，他常乔装打扮潜入各大饭店、旅馆品尝食物，好的，他会在杂志上极力推荐，差的，则痛快骂之。因此，他成了饭店、旅馆老板眼中的魔鬼，却也是读者心中的上帝。　　因为年事已高，Charles Duchemin很想让在嗅觉和味觉上也有超人天赋的儿子Gérard Duchemin（Coluche）子承父业，无奈后者只对马戏感兴趣，经常瞒着他去马戏团做小丑，笑话于是迭出。但一位妄想吞没法国餐饮业的快餐大亨令父子两人最终联起手来,喜剧,美食家1976,1976
迈克尔・肯尼斯・威廉姆斯,美国,迪・里斯,"饶舌女歌手皇后拉蒂法女王饰演传奇蓝调歌手贝西史密丝,她精采而深刻的诠释贝西史密丝从努力奋斗的年轻歌手慢慢成为”蓝调天后”的心路历程。贝西是20世纪最成功的歌手之一，时至今日她的影响力仍然无远弗届。",剧情,蓝调女王,2015
维果・莫腾森,,Vicente,上个世纪的30年代，一位德国文学教授约翰・赫德 (英文John Halder ；Viggo Mortensen 饰)身边有年迈且病重的母亲、妻子、情人和犹太好友，由于撰写主张安乐死的小说，他受到了纳粹的注意。从开始的不情愿，到后来的纳粹军官，赫德在感性和理性的天平上一直小心翼翼得平衡着。这就是为什么你很难做到去恨这样一个人物的原因，一个极其脆弱和敏感又极其爱慕虚名、自负的结合体，一个被卷入纳粹运动洪流的人。本片有别于一般的纳粹电影，并非《朗读者》一样将观众牵入大是大非当中，更没有一个盖棺定论的“结局”。对于安乐死的主题和二战的特殊历史背景下，赫德教授的故事，还需要观众的一双慧眼自己去甄别其主旨。　　本片改编自英国剧作家C. P. Taylor的同名戏剧。,剧情,好人,2008
伊丽莎白・泰勒,美国,迈克・尼科尔斯,乔治（理查德・伯顿 Richard Burton 饰）是一名历史系的教授，而他的妻子玛莎（伊丽莎白・泰勒 Elizabeth Taylor 饰）则是校长的女儿，两人结婚多年，感情早已经由浓转淡。不仅如此，身份上的不平等亦为这段婚姻埋下了重重的隐患。　　某夜，两人参加完派对后返回家中，疲惫不堪的乔治得知伊丽莎白竟然在完全不告知自己的情况下邀请了年轻的夫妻尼克（乔治・席格 George Segal 饰）和哈尼（桑迪・丹尼斯 Sandy Dennis 饰）前来做客。虽然心中有诸多的不满，但乔治还是习惯性的将它们压抑在了心底。年轻而又英俊的尼克吸引了玛莎的注意，看着妻子向尼克大献殷勤，乔治的心中很不是滋味，一场暴风雨正在酝酿之中。,剧情,灵欲春宵,1966
安妮・海瑟薇,英国,道格・里曼,设定在新冠疫情封城期间，讲述一对日常争吵不断的夫妻琳达和帕克斯顿休战，计划去完成一场高风险的抢劫――在世界上最高档的百货公司之一哈罗德搜刮珠宝。,剧情,封锁2021,2021
AnnaLynne,美国,Michael,莉斯和丈夫在夏威夷的十周年结婚纪念日醒来，发现她的丈夫已经死了，她被指控谋杀他。她发现唯一能证明自己清白的方法就是不顾一切独自调查,剧情,全面控诉,2020
Dede,其它,Charles,一家陷入困境的咖啡馆的腼腆店主面对令人心碎的痛苦，他在迪迪・凯姆波特的爪哇语情歌中找到了慰藉,喜剧,心碎俱乐部,2021
米歇尔・威廉姆斯,,索尔・迪勃,影片根据俄裔法国犹太人女作家伊莱娜・内米洛夫斯基的同名小说改编，讲述了在二战期间，德占法国发生的一段爱情故事。马提亚斯・修奈尔茨饰演的德国军官住进了法国乡下的一户人家，与米歇尔・威廉姆斯饰演的女主人产生了感情，然而两人的爱情却遭受战争和家人的阻隔、反对。,剧情,法兰西组曲,2014
帕斯・贝加,西班牙,曼努埃尔・戈麦斯・佩雷拉,故事发生在塞尔维亚，一个黑手党车祸死亡，留下巨额现金和重要证据，反恐警察哈维尔奉命调查这起案件，发现了一个组织妇女卖淫团伙的线索，正打算顺藤摸瓜时，哈维尔就接到威胁电话劝自己不要插手此事，紧接着线人的儿子陷入麻烦、女友的儿子被绑架……状况接二连三的发生，哈维尔不得不需要在千丝万缕的线索中寻找真相、营救孩子，事实证明，案子远比他想象的复杂得多……,恐怖,无知的代价,2014
郑伊健,,马楚成,三个一起在孤儿院长大的好友德高（郑伊健 饰）、松鼠（陈小春 饰）、小蓝（陈慧琳 饰）成为了科学家，在美国中央情报局研究“人类潜意识”。他们得到消息称不法分子狂龙打算趁机在世界杯期间恶意把暴力意识传到东南亚，进一步引发金融风暴。德高与松鼠、小蓝这几名出色的科学家成为了狂龙的目标。在松鼠结婚当天，他们杀死了松鼠的妻子，挟持了小蓝离开。德高与松鼠决心要报复与拯救小蓝，所以自愿接受了科学院里的潜意识训练，想通过训练成为杰出的打手。可是在他们成功救出小蓝的时候，松鼠的意识发生了变异，错手杀死了德高的爱人小蓝。从此松鼠与德高各走各路，但对爱人逝世无法释怀的德高决定为女友报仇，一定要找到松鼠。,动作片,幻影特攻,1998
约纳斯・奈伊,,米乔・洛加尔斯基,,剧情,夏至,2015
文森特・卡索,,克里斯多夫・甘斯,,爱情,美女与野兽2014,2014
张曼玉,,李惠民,,动作,新龙门客栈1992,1992
何政军,大陆,秦教授,万历二十年(1592年)，丰臣秀吉统一日本，进而入侵朝鲜，企图借道进犯 大明朝。朝鲜几乎整个国家沦陷，不得已向大明朝万历皇帝救援，并将自己的公主李真伊进献给万历皇帝。万历皇帝为了增援邦国，不但派出了精锐部队将日军一路围困到平壤城，还在随后继续派出楚云轩等人押送大将军炮增援朝鲜战场， 并且护送李真伊回国。不料运炮部队在前行途中遭遇日军埋伏，大部分人力和武器 损毁，只剩下楚云轩、李真伊等五个人和一架大将军炮，楚云轩恪尽职守，一路上 经过种种磨难和死伤最终将大将军炮送到平壤战场，在关键时刻打开城门，帮助明 军和朝鲜人民一举打败日军，守护了和平与正义。,动作,炮手燃魂,2021
乔什・哈奈特,,斯科特・沃,前奥运冰球运动员埃里克・勒马克死里逃生的故事将被搬上大银幕。主演乔什・哈奈特，导演斯科特・沃。埃里克・勒马克在内华达山脉滑雪时由于滑雪板发生故障，被困山中长达八天，最终在搜救队的营救下得以脱险。,美国,雪山奇迹,
,俄罗斯,暂无,一部家庭喜剧，讲述了一位年轻的王子，他肩负着从邻里王国寻找失踪公主的使命。在旅途中，王子遇到了一条斗派龙，他和王子一起冒险，但王子不知道这条龙不是他说的那个人。,喜剧,魔法公主,2018
王珞嘉,大陆,霍穗强,林动获得祖石力量重振林家之后，受岩大师的邀请，与妹妹青檀来到了炎城之中，殊不料他却因此被卷入了一场风波之中。血衣门门主魏通为了获得林动体内祖石而将青檀劫走，林动为救青檀不得不与万金商会会长宣素联手，与此同时血狼帮帮主岳山也在暗中蠢蠢欲动，一场腥风血雨即将在炎城之中展开。,剧情,武动乾坤九重符塔,2021
玛莉安娜・帕卡,,玛莉安娜・帕卡,女人（玛莉安娜・帕卡 Marianna Palka 饰）是一个家财万贯的千金大小姐，男人（杰森・雷特 Jason Ritter 饰）是一个默默无闻的录像店打工仔，在这两个风马牛不相及的人之间，会发生怎样的故事呢？ 为了缓解内心的苦闷，女人不断的租借着色情录像带，男人对这个经常光顾的神秘女人产生了兴趣一个借口之下，男人住进了女人的公寓，虽然女人的行为举止神秘莫测，但男人除了微笑着忍让并没有任何微词。随着时间的流逝，男人的温柔和体贴渐渐融化了女人心中的坚冰，但女人无法控制自己反复无常的脾气，因此常常给两人带来伤害。在误会和矛盾之中，男人和女人的身影渐行渐远，他们能够将这段坎坷的感情进行到底吗？,伦理片,好家伙,2008
米克尔・福尔斯加德,,玛露・雷曼,艾玛是个沉默寡言的女孩，生活围着足球转。爸爸本是她的良师益友，但当他以新的身份再次出现在她的生活里时，艾玛的世界顿时天翻地覆，接受如此巨变成为了一个横亘在她面前的难题。根据亲身经历改编，玛露・雷曼首次执导的剧情长片，勇敢地打破常规、颠覆角色性别的刻板印象，同时以细腻且不失真实的笔触将人物刻画得十分贴近生活。家庭录像画中画穿插全片，流畅的缝合起这个完美普通家庭的生活拼图。,剧情,完美普通家庭,2020
文森特・普莱斯,美国,威廉・卡斯尔,病理学家沃伦・查宾博士（文森特・普莱斯饰演）发现，在极度恐惧的状态下，脊椎的刺痛是由于“刺痛者”的生长造成的，这种脊椎寄生虫可以杀死宿主，除非它被尖叫摧毁。,科幻,心惊肉跳,1959
汤姆・汉克斯,美国,保罗・格林格拉斯,美国内战结束后五年，三场战争的退伍军官杰佛森凯尔基得上尉（汤姆・汉克斯 饰），现在以读报人的身份从一个小镇到另一个小镇，和当地居民分享世界各地的精彩新闻。他在德州的平原遇到乔韩娜（海伦娜・泽格尔 饰），一 个六年前被凯奥瓦印第安人掳走并被收养的十岁女孩。乔韩娜对她未曾体验过的世界充满敌意，而且被迫被送回她的阿姨和姨丈身边。基得上尉答应护送这女孩回到她依照法律应该属于的地方。他们必须在环境严苛的野外跋山涉水好几百英哩，而且这两人在寻找一个他们都可以称为家园的地方时，将面对来自人类和大自然的巨大挑战。　　该片根据波莱特・吉尔斯同名小说改编。,动作,世界新闻,2020
夏洛特・甘斯布,,艾曼纽尔・克里亚勒斯,1913年，西西里的小岛上，有一个农民家庭：母亲笃信宗教，哥哥萨尔瓦多（文森特??阿玛托 Vincenzo Amato 饰）隐忍内向，弟弟平静如水，孙子又聋又哑，他们的生活极为贫苦。某天，一个美国人来到了这里，开始传播关于新大陆的诸般传奇，这让一家人找到了寻求美好生活的方向，经过一番讨论，最终他们决定偷渡到美国。他们穿上了皮靴，穿越叫卖的集市，登上了开赴美国的渡轮。在途中，他们结识了多次赴美未果的年轻女子露西亚（夏洛特??甘斯布 Charlotte Gainsbourg 饰），萨尔瓦多对露西亚产生了好感，但是母亲极力反对，所以两人只得眉目传情。但是某天，露西亚突然找到了萨尔瓦多，提出了一个令他意想不到的建议……,爱情,金色大门,2006
孙昊,大陆,刘迪洋,为挽救骨癌女孩的外卖小哥韩刚、为了躲债的老板郑贤、脸部烧伤的麻辣烫摊主张伟，成了OMG换脸新人选，通过换脸之后，各种问题都得到了完美解决，而江子微却跌入了程艳和暖竹挖的陷阱，人生和事业跌入了崩溃边缘。,科幻,换脸恶梦方醒,2021
Cameron,,Peter,"On a weekend getaway at a rundown cabin in the woods, Jason, a cautious teen, his crude best friend Colin and his fearless older sister Summer are forced to work together, grow up and save their hard partying parents from their predatory neighbour (Lauren Holly) who is intent on feeding them all to her undead family…",2017,死亡棚屋,
金斯利・本-阿迪尔,美国,雷吉娜・金,获得奥斯卡最佳女配角奖的演员雷吉娜・金将执导电影《迈阿密的一夜》（ One Night in Miami），改编自肯普・鲍尔斯处女剧作的舞台剧。现在肯普・鲍尔斯已经将原本的舞台剧剧本改写成了电影剧本。　　故事发生在1964年2月25日的夜晚，年轻的卡修斯・克莱击败了桑尼・利斯顿成为世界重量级拳击冠军，却因种族隔离法律无法留在迈阿密的岛上，只能在市郊的汉普顿旅馆与三个朋友激进分子马尔科姆・艾克斯、歌手山姆・库克和足球明星吉姆・布朗共同庆祝和过夜。,剧情,迈阿密的一夜,2020
伊冯娜・斯特拉霍夫斯基,美国,Quinn,"On vacation at a remote lake house, a mother and her two young daughters must fight for survival after falling into a terrifying and bizarre nightmare conceived by a psychopath.",恐怖,厄林杀机,2018
章若楠,大陆,落落,辛唐（孙晨竣 饰）拥有通过声音给他人制造快乐的能力，但对同一人使用三次后，性命就会和此人绑定，只有对方开心，辛唐才能活命。偶然，辛唐救下准备自杀的同校网络红人吉择（章若楠 饰），两人借此绑定。吉择表面开朗，但实际患了抑郁症。辛唐最初为了活下去，费尽心思让吉择开心，而后续也真的投入深情。遗憾辛唐的秘密总会败露，而吉择暗黑的过往也在网络上被人揭开....愿爱情的温暖，能治愈抑郁的青春。,爱情,如果声音不记得,2020
罗姗娜・阿奎特,美国,苏珊・塞德尔曼,一名生活平常受丈夫冷落的女子因一则报上寻人启事，一时突发奇想，而和一名到处惹祸的新潮庞克女郎卷入一场阴错阳差的风波中，又因意外丧失记忆力而展开一连串惊险、紧张、趣味的奇遇。本片声学、制版均系女性，加上二位美丽动人的女主角，是部美国新女性英雄神话式喜剧。,喜剧,神秘约会,1985
滕文昊,大陆,陈家俊,《少年有梦之初战毒魔》又名《少年林则徐》，主要讲述了林则徐少年时期看到鸦片在中国肆虐，毒害着人们的身心健康，产生了禁毒的念头，继而与毒枭展开了一系列暗战。少年林则徐发奋图强，后来官至一品，曾任湖广总督、陕甘总督和云贵总督，两次受命钦差大臣。1839年，林则徐于广东禁烟时，派人明察暗访，强迫外国鸦片商人交出鸦片，并将没收鸦片于1839年6月3日在虎门销毁。因其主张严禁鸦片，在中国有“民族英雄”之誉。,剧情,少年有梦,2020
Clara,法国,埃里克・侯麦,三段发生在巴黎的爱情小故事，尽管启用的演员都很年轻，但看上去都有侯麦的味道。其一描述女孩怀疑男朋友欺骗她，于是打算在咖啡馆跟一名陌生人约会，岂料到达后发生了意想不到的情况；其二描写一对男女在公园相遇，迅速相恋拥吻，并打算假装游客住进旅馆，其实女孩已有男朋友，一个意外发生改变了两人的计划；其三描写一名小画家在咖啡馆约了一名瑞典来的游客，但偶然在博物馆门口遇上一名女子便一见钟情展开追求，不料她却是一名有夫之妇,喜剧,人约巴黎,1995
詹姆斯・梅森,,迈克尔・鲍威尔,迈克尔鲍威尔与演员詹姆斯梅森（同时也合作制作）合作制作了一部基于有争议的澳大利亚艺术家诺曼林赛生活的电影。 同意的年龄明星梅森作为一个疲惫不堪的画家，正在寻找一种方式来振兴他的创作灵魂。 在自己的自我发现之旅中，一个不受约束的年轻女子科拉打断了他的自我放逐流亡。 同意时代（1969年），是鲍威尔的最后一部电影，以詹姆斯梅森为中心，扮演一个不受欢迎的画家，在一个热带岛屿模特中找到了一个新的缪斯女神（一个容光焕发的感性，通常是裸体的海伦米伦，在她的第一部电影角色中）。,伦理片,沙滩上的夏娃,1969
赵敏修,韩国,南延佑,讲述穿梭于梨泰院胡同，展开母女之间不可预测追击战的故事,剧情,超级关心的问题,2019
杰亚姆・拉维,印度,Pradeep,一名35岁左右的年轻人在昏迷了16年之后，陷入了困境,喜剧,科马利,2020
张国荣,,谭家明,Pong（汤镇业 饰）在泳池认识了美丽可爱的Kathy（夏文汐 饰），几次见面之后两人迅速坠入了热恋。而Kathy有个在音像店打工的弟弟Louis（张国荣 饰）则邂逅了Tomato（叶童 饰），两人也成了一对情侣。四个青年人经常在一起作乐。不久，Kathy的前男友，日本人信介（翁世杰 饰）回到了香港。信介原来是日本的一个秘密组织“赤军”的成员，现在退出了，恐怕会遭到组织的追杀。Tomato在工作的时候认识了一个日本的女模特，女模特也迅速结识了Kathy等人。一次，数人相约一起出游，却没想到，这是一场血腥屠杀的开始......,香港,烈火青春,
达芬妮・百维,法国,凯瑟琳・布雷亚,失怙姊妹受邀来蓝E子的城堡作客，未成年的美丽妹妹雀屏中选，成为蓝胡子的下一任新娘，但她却不知道，致命杀机正等待着她…　　本片由《罗曼史》、《情j二重奏》闻名的法国女导演凯特琳布蕾亚执导，巧妙地解读经典童话，透过两个小女孩童言童语的对白，以及戏中戏的手法，重新诠释「蓝E子」这个带有杀妻名号的恐怖童话恶魔。,伦理,蓝胡子,2009
Robin,加拿大,Rebekah,在萨曼莎的母亲去世后，她的奶奶科琳的突然出现让她精神振奋。一切都很顺利，直到科琳黑暗的过去暴露出来，萨曼莎被迫为她的生命而战,恐怖,圣母疯,2020
莎拉・弗里斯蒂,法国,卡黛儿・基耶维蕾,《苏珊娜》是关于命运的叙述，是一首法国新新浪潮女导演对少女复杂心态成长历程的既浪漫又残酷的诗篇。影片讲述了苏珊娜和别人的命运。他们有交集又相互牵制，以及让她不顾一切的爱情；记录了一个小女孩苏珊娜从小到大的人生过程，从坐在家人身边可爱懵懂的小女生，到岁非婚生子，几年后当苏珊娜遇到了自己的真爱，就抛弃了自己的家人和孩子，毅然决然和爱人奔走去追寻自己的爱情，为了生计她又不得不与爱人一起抢劫、偷盗最后被捕入狱。,剧情,苏珊娜,2013
郭晓东,大陆,章明,夏天的某个周末，金小蓓（张雅琳）、张建力、侯红携带北京的朋友赵尘（黄志忠）、马洋回到长江边的家乡游玩，仍呆在故乡小县城的如今做了警察的中学同学于栋（郭晓冬）高兴过后，同他们一道迎来想藏也藏不住的现实生活中的无趣和尴尬。　　金小蓓是于栋的初恋情人，她与现任男友赵尘因对未来不知所措关系很紧张；面对外表看来无大变化的金小蓓，联想起自己同老婆枯燥无奈生活的于栋打翻了心中的五味瓶。而一张写有“爱你到死”的纸条则触及了所有人内心的隐秘，各种猜忌和怀疑开始上演。,剧情,秘语十七小时,2001
??????,韩国,??,久违见面聊天的朋友哲敏和在赫，在赫说，家里的保姆家务工作不好，但是经常用大大的胸部和臀部诱惑自己，哲敏想象在赫和保姆的性爱，与哲民的期待相反，在赫并没有找准机会跟保姆发生关系，在哲敏的帮助下，在赫能勾引美丽的保姆成功做爱吗？,伦理,O型西瓜乳保姆,2021
路易・曼迪勒,美国,Michael,"While on a hunting trip in the isolated wilderness, a father and his adopted teenage son are turned into the prey of unknown assailants. They are unexpectedly joined in their fight for survival by a stranger who reveals the disturbing truth about the son's biological father, an international crime lord, and why that crime lord has sent trained assassins to kill the teenager.",动作,后遗症2020,2020
冈本多绪,,亚当・舍曼,日本超模冈本多绪、歌星安倍春香加盟亚当・舍曼新电影《她只是一道掠影》(She’s Just A Shadow，暂译)。影片讲述了东京地下黑帮的故事，一个女性为主的犯罪团伙卷入了一场混乱的枪战……这是导演亚当・舍曼的第三部影片，电影充满了日本元素。具体上映日期还未确定。,剧情片,倩影伊人,2018
,美国,Ilyssa,这部电影以青少年为中心，他们争夺夏季最佳表演者，在晋级赛，准备了一个专门的舞蹈/嘻哈/歌曲创作表演艺术项目,喜剧,晋级之星/Next Level,2019
克里斯蒂安・布朗查特,其它,文森特・帕兰德,Eve meets what she thinks is a charming guy in a bar. Yet things go terribly wrong once she realizes she has come across a psychopath and his accomplice. They engage in a death chase until she decides to fight back with the forest as her only ally.,恐怖,狩猎2020比利时版,2020
牛振华,大陆,黄建新,记者苟宇佳（牛振华 饰）、下岗女工程芬（丁嘉丽 饰）、个体户绿豆（王劲松 饰）、大款老差（句号 饰）是驾校1025班的成员，在退伍军人侯教练手下练习。随着时间的推移，大家渐渐摸清彼此的习性。记者小苟八面玲珑，处事圆滑，一心想把学车费报销，结果天不遂人愿；待业女工阿芬被下海的丈夫发来离婚的传票，一人带着女儿，老实度日；早年丧父，母亲瘫痪在床的绿豆沾染上了毒品，白天学车，半夜偷井盖，却是个孝顺儿子；大款老差则是个打着盹儿都能赚上十万、八万的有钱人，不把驾校规定放在眼里；侯教练的教练身份为他带来了免费的香烟和赚回扣的机会，也因此引火烧身，弄得家里鸡犬不宁。　　这段驾校生活，波折连连，却都一一化险为夷，5人间的暗战明战也都随着考试的顺利通关而结束。这段驾校的经历牵扯出了5个人的悲喜，除了学到了驾驶规则，似乎更学到了生存法则。,喜剧,红灯停绿灯行,1996
卡塔利娜・桑迪诺・莫雷诺,,乔舒亚・马斯顿,18岁的少女玛利亚（凯特琳娜??桑迪诺??莫雷诺 Catalina Sandino Moreno 饰）辞掉了花场的工作，又发现自己怀孕，跟男友意见不合只得分手。玛利亚和朋友布兰卡得到了一份新工作――走私毒品到美国，玛利亚在高额的酬金下决定接下此活，由此认识了老手露西，并练习吞食毒品，朋友布兰卡得知后也执意要做。在机场，玛利亚被扣下检查，因为身孕才得以脱身。三人被接走后顺利交货，当晚，玛利亚发现露西因药丸在胃里破裂被毒贩杀害，当即将和布兰卡带走了毒品。为了帮助露西，玛利亚根据她留下的信息找到了她姐姐卡拉家。一次两人不小心在中介费尔南多眼里泄露了身份，她们只好向毒贩交出了毒品，拿钱之后布兰卡踏上了回程，而在检票口，玛利亚却转身走了......,剧情,万福玛丽亚,2004
达维德・杜什,,布鲁诺・杜蒙,居住在法国北部城镇的弗莱迪（David Douche 饰）是一个无所事事的青年，他的母亲靠经营小餐馆为生，母亲的溺爱让弗莱迪根本不去考虑未来。他或者和三五好友骑着摩托车招摇过市，或者和女友玛莉（Marjorie Cottreel 饰）纵情享受与水之欢。在这个平静得近乎无聊的小镇，甚至死亡也无法激起太多涟漪。然而，一些阿拉伯移民却改变了弗莱迪的生活轨迹。张扬倔强的阿拉伯青年卡德（Kader Chaatouf 饰）主动向玛莉搭讪，这引起弗莱迪一伙强烈的不满……本片荣获1997年英国电影学院萨瑟兰郡奖、1997年戛纳电影节金相机奖特别提及、1997年芝加哥国际电影节国际影评人费比西奖、1997年欧洲电影节欧洲年度发现、1997年让维果最佳影片奖、1997年圣保罗国际电影节评委会奖。,伦理片,人之子,1997
Jeff,美国,威廉・考夫曼,走在大街上熙熙攘攘的人群中，艾伦（科尔・豪瑟 Cole Hauser 饰）无法掩饰自己的失意与沮丧，除了为老板勤勤恳恳的工作了9年却还是一个一文不值的小小员工外，妻子不忠的事实也深深的刺痛了艾伦的心。为了纾解郁闷的心情，艾伦来到了一间小酒吧，没想到这一举动却将他卷入了一件奇怪而又危险的事情中去。　　在酒吧里，艾伦遇见了一个名叫乔纳森（小库珀・古丁 Cuba Gooding Jr. 饰）的奇怪男人，乔纳森自称是一名杀手，但艾伦不以为然。乔纳森告诉艾伦，他可以免费为他杀掉五个人，并请艾伦列出一份暗杀名单。以为这是一个恶作剧的艾伦给出了名单，没想到一夜过去，名单上的人居然真的接连死去。为了保护名单上剩下的人，艾伦开始了和杀手的斗智斗勇。,动作,暗杀名单,2011
Kenadi,美国,Haroula,在父亲的暴死后，美国土著少女玛戈・克兰沿着密歇根的斯塔克河逃亡，寻找与她疏远的母亲。在路上，她遇到了盟友、敌人、危险和自然之美，与此同时，她要努力应对自己的过去和自己的身份。这是一个以河岸为背景的中西部哥特式成长寓言，芝加哥音乐家兼电影制作人哈萝拉・罗斯的处女作是一部唤起人们回忆的《冬天的骨头》和《哈克贝利・费恩历险记》的结合,剧情,河魂,2020
Raymelle,美国,Raymelle,一个叫罗恩的男子想查看并可能购买一套他观察了很久的房子。罗恩后来发现，这栋房子也在观察他，罗恩得知了这所房子的其他情况，只是这时可能为时已晚，因为罗恩已经被锁在了里面,恐怖,噬屋,2021
本・奥图尔,,阿里斯特・格里尔森,,恐怖,血腥地狱,2020
Dave,英国,德里克・贾曼,一个看不见的女人朗诵莎士比亚的十四行诗，画面上是一个男人在寻觅自己内心的欲望。摄影趋于静止，音乐虚无缥缈，加上充满自然物质的背景：巨砾、小石头、大海、烟雾，还有花园。完全营造出一种人间世外的天堂景致。,剧情,天使的对话,1985
